model,metric,mean,std,min,max,n_seeds
lr,accuracy,0.9877183782739491,0.0,0.9877183782739491,0.9877183782739491,3
lr,precision,0.9997396002864396,0.0,0.9997396002864396,0.9997396002864396,3
lr,recall,0.9720850740600074,0.0,0.9720850740600075,0.9720850740600075,3
lr,f1,0.9857184120157901,0.0,0.98571841201579,0.98571841201579,3
lr,roc_auc,0.996364070081872,0.0,0.996364070081872,0.996364070081872,3
lr,pr_auc,0.996912470165614,0.0,0.996912470165614,0.996912470165614,3
rf,accuracy,0.9908922805177601,0.0001460409743087566,0.990726685618083,0.9910026771175448,3
rf,precision,0.9994188243237877,6.465801362994319e-05,0.9993540886190416,0.9994834043652332,3
rf,recall,0.9796809722749714,0.0002900731545103978,0.9793644765160148,0.979934168882137,3
rf,f1,0.9894514630542606,0.00017042680354768003,0.9892583120204604,0.9895806699053952,3
rf,roc_auc,0.9980444320499738,0.00023939319017013237,0.9977777134512604,0.9982406800710945,3
rf,pr_auc,0.99834091566162,0.00015428847722727098,0.9981748533280796,0.9984798253595042,3
xgb,accuracy,0.9916098584163607,0.00014340938985759377,0.9915270609665222,0.991775453316038,3
xgb,precision,0.9998279431071128,3.728925677951314e-05,0.9998064141446732,0.9998710010319918,3
xgb,recall,0.9809258555935351,0.00029236625860971753,0.9807570578554248,0.9812634510697557,3
xgb,f1,0.9902866979933876,0.0001672672211227335,0.9901901262182458,0.9904798415436712,3
xgb,roc_auc,0.9986912713221368,1.7905863457733223e-05,0.9986712862192496,0.998705853720322,3
xgb,pr_auc,0.9988631661638377,1.412676616122118e-05,0.998846986284239,0.998873051693874,3
mlp,accuracy,0.9906438881682443,0.0006269321718654305,0.9899263102696436,0.9910854745673832,3
mlp,precision,0.9993539097155549,0.00017125497190751128,0.9992236527139808,0.9995478912355488,3
mlp,recall,0.9791745790606406,0.0013531813094336367,0.9776553994176478,0.9802506646410938,3
mlp,f1,0.9891610547883901,0.0007333630123280908,0.98832186850104,0.9896788624380892,3
mlp,roc_auc,0.9979302442211478,0.00012246775159709144,0.9978358814533114,0.9980686401938988,3
mlp,pr_auc,0.9982349909050902,0.00010133302323345115,0.998149330986432,0.9983468510415104,3
