family,severity,frac_changed,mean_len_delta
path_padding,1.0,1.0,5.786299781966715
path_padding,3.0,1.0,17.61518505230039
path_padding,6.0,1.0,35.35785057820219
subdomain_padding,1.0,1.0,5.271686032070212
subdomain_padding,2.0,1.0,10.486490216101345
subdomain_padding,4.0,1.0,21.01509673502056
char_edit,0.1,0.925399497695471,1.054701515193332
char_edit,0.2,0.9845168768801921,2.0255568128501644
char_edit,0.4,0.9989236331520989,4.059420969834129
path_strip,1.0,0.02448044600226313,-1.90365136753788
path_strip,2.0,0.17553059365771534,-3.2089807633924874
path_strip,3.0,0.21405900698258493,-4.211989070736621
control_path,1.0,1.0,5.786299781966715
control_path,3.0,1.0,17.61518505230039
control_path,6.0,1.0,35.35785057820219
control_subdomain,1.0,1.0,5.271686032070212
control_subdomain,2.0,1.0,10.486490216101345
control_subdomain,4.0,1.0,21.01509673502056
control_char,0.1,0.918720503408495,1.054701515193332
control_char,0.2,0.9827505312836364,2.0255568128501644
control_char,0.4,0.998785637402368,4.059420969834129
