model,family,severity,seed,metric,value
lr,clean,0.0,0,accuracy,0.9877183782739491
lr,clean,0.0,0,precision,0.9997396002864397
lr,clean,0.0,0,recall,0.9720850740600075
lr,clean,0.0,0,f1,0.98571841201579
lr,clean,0.0,0,roc_auc,0.996364070081872
lr,clean,0.0,0,fpr,0.00019574259848299485
lr,clean,0.0,0,asr,0.0
lr,path_padding,1.0,0,accuracy,0.4360113708497778
lr,path_padding,1.0,0,precision,0.4360113708497778
lr,path_padding,1.0,0,recall,1.0
lr,path_padding,1.0,0,f1,0.6072533681843516
lr,path_padding,1.0,0,roc_auc,0.9817611044476893
lr,path_padding,1.0,0,fpr,1.0
lr,path_padding,1.0,0,asr,0.0
lr,path_padding,3.0,0,accuracy,0.4360113708497778
lr,path_padding,3.0,0,precision,0.4360113708497778
lr,path_padding,3.0,0,recall,1.0
lr,path_padding,3.0,0,f1,0.6072533681843516
lr,path_padding,3.0,0,roc_auc,0.9761091375880089
lr,path_padding,3.0,0,fpr,1.0
lr,path_padding,3.0,0,asr,0.0
lr,path_padding,6.0,0,accuracy,0.4360113708497778
lr,path_padding,6.0,0,precision,0.4360113708497778
lr,path_padding,6.0,0,recall,1.0
lr,path_padding,6.0,0,f1,0.6072533681843516
lr,path_padding,6.0,0,roc_auc,0.5
lr,path_padding,6.0,0,fpr,1.0
lr,path_padding,6.0,0,asr,0.0
lr,subdomain_padding,1.0,0,accuracy,0.9869732012254022
lr,subdomain_padding,1.0,0,precision,0.9966299416720674
lr,subdomain_padding,1.0,0,recall,0.9734143562476263
lr,subdomain_padding,1.0,0,f1,0.9848853592929422
lr,subdomain_padding,1.0,0,roc_auc,0.9943415282115816
lr,subdomain_padding,1.0,0,fpr,0.002544653780278933
lr,subdomain_padding,1.0,0,asr,0.001172103926548154
lr,subdomain_padding,2.0,0,accuracy,0.9812877763364888
lr,subdomain_padding,2.0,0,precision,0.9821428571428571
lr,subdomain_padding,2.0,0,recall,0.9748069375870363
lr,subdomain_padding,2.0,0,f1,0.9784611474680729
lr,subdomain_padding,2.0,0,roc_auc,0.9930452399517979
lr,subdomain_padding,2.0,0,fpr,0.013701981893809641
lr,subdomain_padding,2.0,0,asr,0.0013674545809728462
lr,subdomain_padding,4.0,0,accuracy,0.9712692849060249
lr,subdomain_padding,4.0,0,precision,0.9572977998140688
lr,subdomain_padding,4.0,0,recall,0.9777186985694392
lr,subdomain_padding,4.0,0,f1,0.9674004947859581
lr,subdomain_padding,4.0,0,roc_auc,0.9921622206562897
lr,subdomain_padding,4.0,0,fpr,0.033716662588695864
lr,subdomain_padding,4.0,0,asr,0.0011069870417399232
lr,char_edit,0.1,0,accuracy,0.9895675213203433
lr,char_edit,0.1,0,precision,0.9959475106136627
lr,char_edit,0.1,0,recall,0.9800607671857197
lr,char_edit,0.1,0,f1,0.9879402756508423
lr,char_edit,0.1,0,roc_auc,0.9959938931729007
lr,char_edit,0.1,0,fpr,0.003082945926107169
lr,char_edit,0.1,0,asr,6.511688480823077e-05
lr,char_edit,0.2,0,accuracy,0.9757679463472525
lr,char_edit,0.2,0,precision,0.9584562438544739
lr,char_edit,0.2,0,recall,0.987213571338144
lr,char_edit,0.2,0,f1,0.9726223885251013
lr,char_edit,0.2,0,roc_auc,0.9958765101850302
lr,char_edit,0.2,0,fpr,0.03308049914362613
lr,char_edit,0.2,0,asr,0.0
lr,char_edit,0.4,0,accuracy,0.778489222531946
lr,char_edit,0.4,0,precision,0.6640354579991558
lr,char_edit,0.4,0,recall,0.9957589568299785
lr,char_edit,0.4,0,f1,0.7967483792544571
lr,char_edit,0.4,0,roc_auc,0.9956162185591627
lr,char_edit,0.4,0,fpr,0.38947883533153904
lr,char_edit,0.4,0,asr,0.0
lr,path_strip,1.0,0,accuracy,0.9877183782739491
lr,path_strip,1.0,0,precision,0.9997396002864397
lr,path_strip,1.0,0,recall,0.9720850740600075
lr,path_strip,1.0,0,f1,0.98571841201579
lr,path_strip,1.0,0,roc_auc,0.996364070081872
lr,path_strip,1.0,0,fpr,0.00019574259848299485
lr,path_strip,1.0,0,asr,0.0
lr,path_strip,2.0,0,accuracy,0.9332928545800789
lr,path_strip,2.0,0,precision,0.9997012472925536
lr,path_strip,2.0,0,recall,0.8472591467274339
lr,path_strip,2.0,0,f1,0.9171891595573372
lr,path_strip,2.0,0,roc_auc,0.9834934103368211
lr,path_strip,2.0,0,fpr,0.00019574259848299485
lr,path_strip,2.0,0,asr,0.1284104968418311
lr,path_strip,3.0,0,accuracy,0.8727403195981563
lr,path_strip,3.0,0,precision,0.9996426976328718
lr,path_strip,3.0,0,recall,0.7083808076971768
lr,path_strip,3.0,0,f1,0.8291779350201904
lr,path_strip,3.0,0,roc_auc,0.9496477069986807
lr,path_strip,3.0,0,fpr,0.00019574259848299485
lr,path_strip,3.0,0,asr,0.2712769421110894
lr,control_path,1.0,0,accuracy,0.4360113708497778
lr,control_path,1.0,0,precision,0.4360113708497778
lr,control_path,1.0,0,recall,1.0
lr,control_path,1.0,0,f1,0.6072533681843516
lr,control_path,1.0,0,roc_auc,0.9847076497621225
lr,control_path,1.0,0,fpr,1.0
lr,control_path,1.0,0,asr,0.0
lr,control_path,3.0,0,accuracy,0.4360113708497778
lr,control_path,3.0,0,precision,0.4360113708497778
lr,control_path,3.0,0,recall,1.0
lr,control_path,3.0,0,f1,0.6072533681843516
lr,control_path,3.0,0,roc_auc,0.9838683885027182
lr,control_path,3.0,0,fpr,1.0
lr,control_path,3.0,0,asr,0.0
lr,control_path,6.0,0,accuracy,0.4360113708497778
lr,control_path,6.0,0,precision,0.4360113708497778
lr,control_path,6.0,0,recall,1.0
lr,control_path,6.0,0,f1,0.6072533681843516
lr,control_path,6.0,0,roc_auc,0.5
lr,control_path,6.0,0,fpr,1.0
lr,control_path,6.0,0,asr,0.0
lr,control_subdomain,1.0,0,accuracy,0.9875251842243259
lr,control_subdomain,1.0,0,precision,0.99980458572173
lr,control_subdomain,1.0,0,recall,0.9715786808456767
lr,control_subdomain,1.0,0,f1,0.9854895666131621
lr,control_subdomain,1.0,0,roc_auc,0.9960311911952506
lr,control_subdomain,1.0,0,fpr,0.00014680694886224616
lr,control_subdomain,1.0,0,asr,0.0009767532721234617
lr,control_subdomain,2.0,0,accuracy,0.9874975850743797
lr,control_subdomain,2.0,0,precision,0.9997394645997525
lr,control_subdomain,2.0,0,recall,0.9715786808456767
lr,control_subdomain,2.0,0,f1,0.9854579307245354
lr,control_subdomain,2.0,0,roc_auc,0.9958623247940035
lr,control_subdomain,2.0,0,fpr,0.00019574259848299485
lr,control_subdomain,2.0,0,asr,0.0012372208113563847
lr,control_subdomain,4.0,0,accuracy,0.9870283995252946
lr,control_subdomain,4.0,0,precision,1.0
lr,control_subdomain,4.0,0,recall,0.9702493986580579
lr,control_subdomain,4.0,0,f1,0.9849000835314528
lr,control_subdomain,4.0,0,roc_auc,0.995421358772437
lr,control_subdomain,4.0,0,fpr,0.0
lr,control_subdomain,4.0,0,asr,0.002344207853096308
lr,control_char,0.1,0,accuracy,0.9881599646730881
lr,control_char,0.1,0,precision,0.999674881331686
lr,control_char,0.1,0,recall,0.9731611596404608
lr,control_char,0.1,0,f1,0.9862398563043269
lr,control_char,0.1,0,roc_auc,0.9962266565598659
lr,control_char,0.1,0,fpr,0.00024467824810374357
lr,control_char,0.1,0,asr,0.0002604675392329231
lr,control_char,0.2,0,accuracy,0.9884911544724423
lr,control_char,0.2,0,precision,0.9996751348190501
lr,control_char,0.2,0,recall,0.9739207494619572
lr,control_char,0.2,0,f1,0.9866299015678605
lr,control_char,0.2,0,roc_auc,0.9961905542053697
lr,control_char,0.2,0,fpr,0.00024467824810374357
lr,control_char,0.2,0,asr,0.0005209350784658462
lr,control_char,0.4,0,accuracy,0.9891811332210968
lr,control_char,0.4,0,precision,0.9991575946086055
lr,control_char,0.4,0,recall,0.9760096214710723
lr,control_char,0.4,0,f1,0.9874479666986872
lr,control_char,0.4,0,roc_auc,0.9962394170617404
lr,control_char,0.4,0,fpr,0.0006361634450697333
lr,control_char,0.4,0,asr,0.0004558181936576154
lr,clean,0.0,1,accuracy,0.9877183782739491
lr,clean,0.0,1,precision,0.9997396002864397
lr,clean,0.0,1,recall,0.9720850740600075
lr,clean,0.0,1,f1,0.98571841201579
lr,clean,0.0,1,roc_auc,0.996364070081872
lr,clean,0.0,1,fpr,0.00019574259848299485
lr,clean,0.0,1,asr,0.0
lr,path_padding,1.0,1,accuracy,0.4360113708497778
lr,path_padding,1.0,1,precision,0.4360113708497778
lr,path_padding,1.0,1,recall,1.0
lr,path_padding,1.0,1,f1,0.6072533681843516
lr,path_padding,1.0,1,roc_auc,0.9817611044476893
lr,path_padding,1.0,1,fpr,1.0
lr,path_padding,1.0,1,asr,0.0
lr,path_padding,3.0,1,accuracy,0.4360113708497778
lr,path_padding,3.0,1,precision,0.4360113708497778
lr,path_padding,3.0,1,recall,1.0
lr,path_padding,3.0,1,f1,0.6072533681843516
lr,path_padding,3.0,1,roc_auc,0.9761091375880089
lr,path_padding,3.0,1,fpr,1.0
lr,path_padding,3.0,1,asr,0.0
lr,path_padding,6.0,1,accuracy,0.4360113708497778
lr,path_padding,6.0,1,precision,0.4360113708497778
lr,path_padding,6.0,1,recall,1.0
lr,path_padding,6.0,1,f1,0.6072533681843516
lr,path_padding,6.0,1,roc_auc,0.5
lr,path_padding,6.0,1,fpr,1.0
lr,path_padding,6.0,1,asr,0.0
lr,subdomain_padding,1.0,1,accuracy,0.9869732012254022
lr,subdomain_padding,1.0,1,precision,0.9966299416720674
lr,subdomain_padding,1.0,1,recall,0.9734143562476263
lr,subdomain_padding,1.0,1,f1,0.9848853592929422
lr,subdomain_padding,1.0,1,roc_auc,0.9943415282115816
lr,subdomain_padding,1.0,1,fpr,0.002544653780278933
lr,subdomain_padding,1.0,1,asr,0.001172103926548154
lr,subdomain_padding,2.0,1,accuracy,0.9812877763364888
lr,subdomain_padding,2.0,1,precision,0.9821428571428571
lr,subdomain_padding,2.0,1,recall,0.9748069375870363
lr,subdomain_padding,2.0,1,f1,0.9784611474680729
lr,subdomain_padding,2.0,1,roc_auc,0.9930452399517979
lr,subdomain_padding,2.0,1,fpr,0.013701981893809641
lr,subdomain_padding,2.0,1,asr,0.0013674545809728462
lr,subdomain_padding,4.0,1,accuracy,0.9712692849060249
lr,subdomain_padding,4.0,1,precision,0.9572977998140688
lr,subdomain_padding,4.0,1,recall,0.9777186985694392
lr,subdomain_padding,4.0,1,f1,0.9674004947859581
lr,subdomain_padding,4.0,1,roc_auc,0.9921622206562897
lr,subdomain_padding,4.0,1,fpr,0.033716662588695864
lr,subdomain_padding,4.0,1,asr,0.0011069870417399232
lr,char_edit,0.1,1,accuracy,0.9895675213203433
lr,char_edit,0.1,1,precision,0.9959475106136627
lr,char_edit,0.1,1,recall,0.9800607671857197
lr,char_edit,0.1,1,f1,0.9879402756508423
lr,char_edit,0.1,1,roc_auc,0.9959938931729007
lr,char_edit,0.1,1,fpr,0.003082945926107169
lr,char_edit,0.1,1,asr,6.511688480823077e-05
lr,char_edit,0.2,1,accuracy,0.9757679463472525
lr,char_edit,0.2,1,precision,0.9584562438544739
lr,char_edit,0.2,1,recall,0.987213571338144
lr,char_edit,0.2,1,f1,0.9726223885251013
lr,char_edit,0.2,1,roc_auc,0.9958765101850302
lr,char_edit,0.2,1,fpr,0.03308049914362613
lr,char_edit,0.2,1,asr,0.0
lr,char_edit,0.4,1,accuracy,0.778489222531946
lr,char_edit,0.4,1,precision,0.6640354579991558
lr,char_edit,0.4,1,recall,0.9957589568299785
lr,char_edit,0.4,1,f1,0.7967483792544571
lr,char_edit,0.4,1,roc_auc,0.9956162185591627
lr,char_edit,0.4,1,fpr,0.38947883533153904
lr,char_edit,0.4,1,asr,0.0
lr,path_strip,1.0,1,accuracy,0.9877183782739491
lr,path_strip,1.0,1,precision,0.9997396002864397
lr,path_strip,1.0,1,recall,0.9720850740600075
lr,path_strip,1.0,1,f1,0.98571841201579
lr,path_strip,1.0,1,roc_auc,0.996364070081872
lr,path_strip,1.0,1,fpr,0.00019574259848299485
lr,path_strip,1.0,1,asr,0.0
lr,path_strip,2.0,1,accuracy,0.9332928545800789
lr,path_strip,2.0,1,precision,0.9997012472925536
lr,path_strip,2.0,1,recall,0.8472591467274339
lr,path_strip,2.0,1,f1,0.9171891595573372
lr,path_strip,2.0,1,roc_auc,0.9834934103368211
lr,path_strip,2.0,1,fpr,0.00019574259848299485
lr,path_strip,2.0,1,asr,0.1284104968418311
lr,path_strip,3.0,1,accuracy,0.8727403195981563
lr,path_strip,3.0,1,precision,0.9996426976328718
lr,path_strip,3.0,1,recall,0.7083808076971768
lr,path_strip,3.0,1,f1,0.8291779350201904
lr,path_strip,3.0,1,roc_auc,0.9496477069986807
lr,path_strip,3.0,1,fpr,0.00019574259848299485
lr,path_strip,3.0,1,asr,0.2712769421110894
lr,control_path,1.0,1,accuracy,0.4360113708497778
lr,control_path,1.0,1,precision,0.4360113708497778
lr,control_path,1.0,1,recall,1.0
lr,control_path,1.0,1,f1,0.6072533681843516
lr,control_path,1.0,1,roc_auc,0.9847076497621225
lr,control_path,1.0,1,fpr,1.0
lr,control_path,1.0,1,asr,0.0
lr,control_path,3.0,1,accuracy,0.4360113708497778
lr,control_path,3.0,1,precision,0.4360113708497778
lr,control_path,3.0,1,recall,1.0
lr,control_path,3.0,1,f1,0.6072533681843516
lr,control_path,3.0,1,roc_auc,0.9838683885027182
lr,control_path,3.0,1,fpr,1.0
lr,control_path,3.0,1,asr,0.0
lr,control_path,6.0,1,accuracy,0.4360113708497778
lr,control_path,6.0,1,precision,0.4360113708497778
lr,control_path,6.0,1,recall,1.0
lr,control_path,6.0,1,f1,0.6072533681843516
lr,control_path,6.0,1,roc_auc,0.5
lr,control_path,6.0,1,fpr,1.0
lr,control_path,6.0,1,asr,0.0
lr,control_subdomain,1.0,1,accuracy,0.9875251842243259
lr,control_subdomain,1.0,1,precision,0.99980458572173
lr,control_subdomain,1.0,1,recall,0.9715786808456767
lr,control_subdomain,1.0,1,f1,0.9854895666131621
lr,control_subdomain,1.0,1,roc_auc,0.9960311911952506
lr,control_subdomain,1.0,1,fpr,0.00014680694886224616
lr,control_subdomain,1.0,1,asr,0.0009767532721234617
lr,control_subdomain,2.0,1,accuracy,0.9874975850743797
lr,control_subdomain,2.0,1,precision,0.9997394645997525
lr,control_subdomain,2.0,1,recall,0.9715786808456767
lr,control_subdomain,2.0,1,f1,0.9854579307245354
lr,control_subdomain,2.0,1,roc_auc,0.9958623247940035
lr,control_subdomain,2.0,1,fpr,0.00019574259848299485
lr,control_subdomain,2.0,1,asr,0.0012372208113563847
lr,control_subdomain,4.0,1,accuracy,0.9870283995252946
lr,control_subdomain,4.0,1,precision,1.0
lr,control_subdomain,4.0,1,recall,0.9702493986580579
lr,control_subdomain,4.0,1,f1,0.9849000835314528
lr,control_subdomain,4.0,1,roc_auc,0.995421358772437
lr,control_subdomain,4.0,1,fpr,0.0
lr,control_subdomain,4.0,1,asr,0.002344207853096308
lr,control_char,0.1,1,accuracy,0.9881599646730881
lr,control_char,0.1,1,precision,0.999674881331686
lr,control_char,0.1,1,recall,0.9731611596404608
lr,control_char,0.1,1,f1,0.9862398563043269
lr,control_char,0.1,1,roc_auc,0.9962266565598659
lr,control_char,0.1,1,fpr,0.00024467824810374357
lr,control_char,0.1,1,asr,0.0002604675392329231
lr,control_char,0.2,1,accuracy,0.9884911544724423
lr,control_char,0.2,1,precision,0.9996751348190501
lr,control_char,0.2,1,recall,0.9739207494619572
lr,control_char,0.2,1,f1,0.9866299015678605
lr,control_char,0.2,1,roc_auc,0.9961905542053697
lr,control_char,0.2,1,fpr,0.00024467824810374357
lr,control_char,0.2,1,asr,0.0005209350784658462
lr,control_char,0.4,1,accuracy,0.9891811332210968
lr,control_char,0.4,1,precision,0.9991575946086055
lr,control_char,0.4,1,recall,0.9760096214710723
lr,control_char,0.4,1,f1,0.9874479666986872
lr,control_char,0.4,1,roc_auc,0.9962394170617404
lr,control_char,0.4,1,fpr,0.0006361634450697333
lr,control_char,0.4,1,asr,0.0004558181936576154
lr,clean,0.0,2,accuracy,0.9877183782739491
lr,clean,0.0,2,precision,0.9997396002864397
lr,clean,0.0,2,recall,0.9720850740600075
lr,clean,0.0,2,f1,0.98571841201579
lr,clean,0.0,2,roc_auc,0.996364070081872
lr,clean,0.0,2,fpr,0.00019574259848299485
lr,clean,0.0,2,asr,0.0
lr,path_padding,1.0,2,accuracy,0.4360113708497778
lr,path_padding,1.0,2,precision,0.4360113708497778
lr,path_padding,1.0,2,recall,1.0
lr,path_padding,1.0,2,f1,0.6072533681843516
lr,path_padding,1.0,2,roc_auc,0.9817611044476893
lr,path_padding,1.0,2,fpr,1.0
lr,path_padding,1.0,2,asr,0.0
lr,path_padding,3.0,2,accuracy,0.4360113708497778
lr,path_padding,3.0,2,precision,0.4360113708497778
lr,path_padding,3.0,2,recall,1.0
lr,path_padding,3.0,2,f1,0.6072533681843516
lr,path_padding,3.0,2,roc_auc,0.9761091375880089
lr,path_padding,3.0,2,fpr,1.0
lr,path_padding,3.0,2,asr,0.0
lr,path_padding,6.0,2,accuracy,0.4360113708497778
lr,path_padding,6.0,2,precision,0.4360113708497778
lr,path_padding,6.0,2,recall,1.0
lr,path_padding,6.0,2,f1,0.6072533681843516
lr,path_padding,6.0,2,roc_auc,0.5
lr,path_padding,6.0,2,fpr,1.0
lr,path_padding,6.0,2,asr,0.0
lr,subdomain_padding,1.0,2,accuracy,0.9869732012254022
lr,subdomain_padding,1.0,2,precision,0.9966299416720674
lr,subdomain_padding,1.0,2,recall,0.9734143562476263
lr,subdomain_padding,1.0,2,f1,0.9848853592929422
lr,subdomain_padding,1.0,2,roc_auc,0.9943415282115816
lr,subdomain_padding,1.0,2,fpr,0.002544653780278933
lr,subdomain_padding,1.0,2,asr,0.001172103926548154
lr,subdomain_padding,2.0,2,accuracy,0.9812877763364888
lr,subdomain_padding,2.0,2,precision,0.9821428571428571
lr,subdomain_padding,2.0,2,recall,0.9748069375870363
lr,subdomain_padding,2.0,2,f1,0.9784611474680729
lr,subdomain_padding,2.0,2,roc_auc,0.9930452399517979
lr,subdomain_padding,2.0,2,fpr,0.013701981893809641
lr,subdomain_padding,2.0,2,asr,0.0013674545809728462
lr,subdomain_padding,4.0,2,accuracy,0.9712692849060249
lr,subdomain_padding,4.0,2,precision,0.9572977998140688
lr,subdomain_padding,4.0,2,recall,0.9777186985694392
lr,subdomain_padding,4.0,2,f1,0.9674004947859581
lr,subdomain_padding,4.0,2,roc_auc,0.9921622206562897
lr,subdomain_padding,4.0,2,fpr,0.033716662588695864
lr,subdomain_padding,4.0,2,asr,0.0011069870417399232
lr,char_edit,0.1,2,accuracy,0.9895675213203433
lr,char_edit,0.1,2,precision,0.9959475106136627
lr,char_edit,0.1,2,recall,0.9800607671857197
lr,char_edit,0.1,2,f1,0.9879402756508423
lr,char_edit,0.1,2,roc_auc,0.9959938931729007
lr,char_edit,0.1,2,fpr,0.003082945926107169
lr,char_edit,0.1,2,asr,6.511688480823077e-05
lr,char_edit,0.2,2,accuracy,0.9757679463472525
lr,char_edit,0.2,2,precision,0.9584562438544739
lr,char_edit,0.2,2,recall,0.987213571338144
lr,char_edit,0.2,2,f1,0.9726223885251013
lr,char_edit,0.2,2,roc_auc,0.9958765101850302
lr,char_edit,0.2,2,fpr,0.03308049914362613
lr,char_edit,0.2,2,asr,0.0
lr,char_edit,0.4,2,accuracy,0.778489222531946
lr,char_edit,0.4,2,precision,0.6640354579991558
lr,char_edit,0.4,2,recall,0.9957589568299785
lr,char_edit,0.4,2,f1,0.7967483792544571
lr,char_edit,0.4,2,roc_auc,0.9956162185591627
lr,char_edit,0.4,2,fpr,0.38947883533153904
lr,char_edit,0.4,2,asr,0.0
lr,path_strip,1.0,2,accuracy,0.9877183782739491
lr,path_strip,1.0,2,precision,0.9997396002864397
lr,path_strip,1.0,2,recall,0.9720850740600075
lr,path_strip,1.0,2,f1,0.98571841201579
lr,path_strip,1.0,2,roc_auc,0.996364070081872
lr,path_strip,1.0,2,fpr,0.00019574259848299485
lr,path_strip,1.0,2,asr,0.0
lr,path_strip,2.0,2,accuracy,0.9332928545800789
lr,path_strip,2.0,2,precision,0.9997012472925536
lr,path_strip,2.0,2,recall,0.8472591467274339
lr,path_strip,2.0,2,f1,0.9171891595573372
lr,path_strip,2.0,2,roc_auc,0.9834934103368211
lr,path_strip,2.0,2,fpr,0.00019574259848299485
lr,path_strip,2.0,2,asr,0.1284104968418311
lr,path_strip,3.0,2,accuracy,0.8727403195981563
lr,path_strip,3.0,2,precision,0.9996426976328718
lr,path_strip,3.0,2,recall,0.7083808076971768
lr,path_strip,3.0,2,f1,0.8291779350201904
lr,path_strip,3.0,2,roc_auc,0.9496477069986807
lr,path_strip,3.0,2,fpr,0.00019574259848299485
lr,path_strip,3.0,2,asr,0.2712769421110894
lr,control_path,1.0,2,accuracy,0.4360113708497778
lr,control_path,1.0,2,precision,0.4360113708497778
lr,control_path,1.0,2,recall,1.0
lr,control_path,1.0,2,f1,0.6072533681843516
lr,control_path,1.0,2,roc_auc,0.9847076497621225
lr,control_path,1.0,2,fpr,1.0
lr,control_path,1.0,2,asr,0.0
lr,control_path,3.0,2,accuracy,0.4360113708497778
lr,control_path,3.0,2,precision,0.4360113708497778
lr,control_path,3.0,2,recall,1.0
lr,control_path,3.0,2,f1,0.6072533681843516
lr,control_path,3.0,2,roc_auc,0.9838683885027182
lr,control_path,3.0,2,fpr,1.0
lr,control_path,3.0,2,asr,0.0
lr,control_path,6.0,2,accuracy,0.4360113708497778
lr,control_path,6.0,2,precision,0.4360113708497778
lr,control_path,6.0,2,recall,1.0
lr,control_path,6.0,2,f1,0.6072533681843516
lr,control_path,6.0,2,roc_auc,0.5
lr,control_path,6.0,2,fpr,1.0
lr,control_path,6.0,2,asr,0.0
lr,control_subdomain,1.0,2,accuracy,0.9875251842243259
lr,control_subdomain,1.0,2,precision,0.99980458572173
lr,control_subdomain,1.0,2,recall,0.9715786808456767
lr,control_subdomain,1.0,2,f1,0.9854895666131621
lr,control_subdomain,1.0,2,roc_auc,0.9960311911952506
lr,control_subdomain,1.0,2,fpr,0.00014680694886224616
lr,control_subdomain,1.0,2,asr,0.0009767532721234617
lr,control_subdomain,2.0,2,accuracy,0.9874975850743797
lr,control_subdomain,2.0,2,precision,0.9997394645997525
lr,control_subdomain,2.0,2,recall,0.9715786808456767
lr,control_subdomain,2.0,2,f1,0.9854579307245354
lr,control_subdomain,2.0,2,roc_auc,0.9958623247940035
lr,control_subdomain,2.0,2,fpr,0.00019574259848299485
lr,control_subdomain,2.0,2,asr,0.0012372208113563847
lr,control_subdomain,4.0,2,accuracy,0.9870283995252946
lr,control_subdomain,4.0,2,precision,1.0
lr,control_subdomain,4.0,2,recall,0.9702493986580579
lr,control_subdomain,4.0,2,f1,0.9849000835314528
lr,control_subdomain,4.0,2,roc_auc,0.995421358772437
lr,control_subdomain,4.0,2,fpr,0.0
lr,control_subdomain,4.0,2,asr,0.002344207853096308
lr,control_char,0.1,2,accuracy,0.9881599646730881
lr,control_char,0.1,2,precision,0.999674881331686
lr,control_char,0.1,2,recall,0.9731611596404608
lr,control_char,0.1,2,f1,0.9862398563043269
lr,control_char,0.1,2,roc_auc,0.9962266565598659
lr,control_char,0.1,2,fpr,0.00024467824810374357
lr,control_char,0.1,2,asr,0.0002604675392329231
lr,control_char,0.2,2,accuracy,0.9884911544724423
lr,control_char,0.2,2,precision,0.9996751348190501
lr,control_char,0.2,2,recall,0.9739207494619572
lr,control_char,0.2,2,f1,0.9866299015678605
lr,control_char,0.2,2,roc_auc,0.9961905542053697
lr,control_char,0.2,2,fpr,0.00024467824810374357
lr,control_char,0.2,2,asr,0.0005209350784658462
lr,control_char,0.4,2,accuracy,0.9891811332210968
lr,control_char,0.4,2,precision,0.9991575946086055
lr,control_char,0.4,2,recall,0.9760096214710723
lr,control_char,0.4,2,f1,0.9874479666986872
lr,control_char,0.4,2,roc_auc,0.9962394170617404
lr,control_char,0.4,2,fpr,0.0006361634450697333
lr,control_char,0.4,2,asr,0.0004558181936576154
mlp,clean,0.0,0,accuracy,0.9909198796677062
mlp,clean,0.0,0,precision,0.9995478912355487
mlp,clean,0.0,0,recall,0.9796176731231802
mlp,clean,0.0,0,f1,0.9894824334260414
mlp,clean,0.0,0,roc_auc,0.997835883002104
mlp,clean,0.0,0,fpr,0.000342549547345241
mlp,clean,0.0,0,asr,0.0
mlp,path_padding,1.0,0,accuracy,0.4360113708497778
mlp,path_padding,1.0,0,precision,0.4360113708497778
mlp,path_padding,1.0,0,recall,1.0
mlp,path_padding,1.0,0,f1,0.6072533681843516
mlp,path_padding,1.0,0,roc_auc,0.9180689837160878
mlp,path_padding,1.0,0,fpr,1.0
mlp,path_padding,1.0,0,asr,0.0
mlp,path_padding,3.0,0,accuracy,0.4360113708497778
mlp,path_padding,3.0,0,precision,0.4360113708497778
mlp,path_padding,3.0,0,recall,1.0
mlp,path_padding,3.0,0,f1,0.6072533681843516
mlp,path_padding,3.0,0,roc_auc,0.5000244678248104
mlp,path_padding,3.0,0,fpr,1.0
mlp,path_padding,3.0,0,asr,0.0
mlp,path_padding,6.0,0,accuracy,0.4360113708497778
mlp,path_padding,6.0,0,precision,0.4360113708497778
mlp,path_padding,6.0,0,recall,1.0
mlp,path_padding,6.0,0,f1,0.6072533681843516
mlp,path_padding,6.0,0,roc_auc,0.5
mlp,path_padding,6.0,0,fpr,1.0
mlp,path_padding,6.0,0,asr,0.0
mlp,subdomain_padding,1.0,0,accuracy,0.9780310766428394
mlp,subdomain_padding,1.0,0,precision,0.9654958421248604
mlp,subdomain_padding,1.0,0,recall,0.9848082035700721
mlp,subdomain_padding,1.0,0,f1,0.9750564051140637
mlp,subdomain_padding,1.0,0,roc_auc,0.9949672930634259
mlp,subdomain_padding,1.0,0,fpr,0.027208221189136284
mlp,subdomain_padding,1.0,0,asr,0.0030369604548979062
mlp,subdomain_padding,2.0,0,accuracy,0.6560593933706842
mlp,subdomain_padding,2.0,0,precision,0.5593721079234
mlp,subdomain_padding,2.0,0,recall,0.9947461704013166
mlp,subdomain_padding,2.0,0,f1,0.7160758224733437
mlp,subdomain_padding,2.0,0,roc_auc,0.9925738633883808
mlp,subdomain_padding,2.0,0,fpr,0.6057744066552484
mlp,subdomain_padding,2.0,0,asr,0.0027138795554406824
mlp,subdomain_padding,4.0,0,accuracy,0.43855049264482654
mlp,subdomain_padding,4.0,0,precision,0.4371212750062256
mlp,subdomain_padding,4.0,0,recall,1.0
mlp,subdomain_padding,4.0,0,f1,0.6083290013284814
mlp,subdomain_padding,4.0,0,roc_auc,0.9903492660411465
mlp,subdomain_padding,4.0,0,fpr,0.9954979202348911
mlp,subdomain_padding,4.0,0,asr,0.0
mlp,char_edit,0.1,0,accuracy,0.9863936190765324
mlp,char_edit,0.1,0,precision,0.9802924747379652
mlp,char_edit,0.1,0,recall,0.9886694518293455
mlp,char_edit,0.1,0,f1,0.9844631432983517
mlp,char_edit,0.1,0,roc_auc,0.9969770078337616
mlp,char_edit,0.1,0,fpr,0.015365793980915097
mlp,char_edit,0.1,0,asr,0.0002584647195657793
mlp,char_edit,0.2,0,accuracy,0.9631551348218474
mlp,char_edit,0.2,0,precision,0.9276210750399149
mlp,char_edit,0.2,0,recall,0.9929737941511584
mlp,char_edit,0.2,0,f1,0.9591855452627717
mlp,char_edit,0.2,0,roc_auc,0.9971258529936285
mlp,char_edit,0.2,0,fpr,0.05989723513579643
mlp,char_edit,0.2,0,asr,0.00019384853967433445
mlp,char_edit,0.4,0,accuracy,0.8885546325173185
mlp,char_edit,0.4,0,precision,0.7985680918046105
mlp,char_edit,0.4,0,recall,0.995505760222813
mlp,char_edit,0.4,0,f1,0.8862278823396822
mlp,char_edit,0.4,0,roc_auc,0.997145171083188
mlp,char_edit,0.4,0,fpr,0.19412772204551015
mlp,char_edit,0.4,0,asr,6.461617989144482e-05
mlp,path_strip,1.0,0,accuracy,0.9909198796677062
mlp,path_strip,1.0,0,precision,0.9995478912355487
mlp,path_strip,1.0,0,recall,0.9796176731231802
mlp,path_strip,1.0,0,f1,0.9894824334260414
mlp,path_strip,1.0,0,roc_auc,0.9978358830021039
mlp,path_strip,1.0,0,fpr,0.000342549547345241
mlp,path_strip,1.0,0,asr,0.0
mlp,path_strip,2.0,0,accuracy,0.9537162255402534
mlp,path_strip,2.0,0,precision,0.9995047753802617
mlp,path_strip,2.0,0,recall,0.8942904165084188
mlp,path_strip,2.0,0,f1,0.9439748772258043
mlp,path_strip,2.0,0,roc_auc,0.9920709905795313
mlp,path_strip,2.0,0,fpr,0.000342549547345241
mlp,path_strip,2.0,0,asr,0.08710261049366762
mlp,path_strip,3.0,0,accuracy,0.9190516932078492
mlp,path_strip,3.0,0,precision,0.999456479540337
mlp,path_strip,3.0,0,recall,0.8147866818584631
mlp,path_strip,3.0,0,f1,0.8977229138333856
mlp,path_strip,3.0,0,roc_auc,0.9782676293713393
mlp,path_strip,3.0,0,fpr,0.000342549547345241
mlp,path_strip,3.0,0,asr,0.1682605324373223
mlp,control_path,1.0,0,accuracy,0.4360113708497778
mlp,control_path,1.0,0,precision,0.4360113708497778
mlp,control_path,1.0,0,recall,1.0
mlp,control_path,1.0,0,f1,0.6072533681843516
mlp,control_path,1.0,0,roc_auc,0.9145673821251931
mlp,control_path,1.0,0,fpr,1.0
mlp,control_path,1.0,0,asr,0.0
mlp,control_path,3.0,0,accuracy,0.4360113708497778
mlp,control_path,3.0,0,precision,0.4360113708497778
mlp,control_path,3.0,0,recall,1.0
mlp,control_path,3.0,0,f1,0.6072533681843516
mlp,control_path,3.0,0,roc_auc,0.5
mlp,control_path,3.0,0,fpr,1.0
mlp,control_path,3.0,0,asr,0.0
mlp,control_path,6.0,0,accuracy,0.4360113708497778
mlp,control_path,6.0,0,precision,0.4360113708497778
mlp,control_path,6.0,0,recall,1.0
mlp,control_path,6.0,0,f1,0.6072533681843516
mlp,control_path,6.0,0,roc_auc,0.5
mlp,control_path,6.0,0,fpr,1.0
mlp,control_path,6.0,0,asr,0.0
mlp,control_subdomain,1.0,0,accuracy,0.9879391714735186
mlp,control_subdomain,1.0,0,precision,0.988861307364267
mlp,control_subdomain,1.0,0,recall,0.9834156222306621
mlp,control_subdomain,1.0,0,f1,0.9861309467136373
mlp,control_subdomain,1.0,0,roc_auc,0.9953408029739791
mlp,control_subdomain,1.0,0,fpr,0.008563738683631025
mlp,control_subdomain,1.0,0,asr,0.0030369604548979062
mlp,control_subdomain,2.0,0,accuracy,0.6988104766373195
mlp,control_subdomain,2.0,0,precision,0.592048238175994
mlp,control_subdomain,2.0,0,recall,0.9944296746423598
mlp,control_subdomain,2.0,0,f1,0.7422105685871543
mlp,control_subdomain,2.0,0,roc_auc,0.9939218007823447
mlp,control_subdomain,2.0,0,fpr,0.5297284071446049
mlp,control_subdomain,2.0,0,asr,0.002778495735332127
mlp,control_subdomain,4.0,0,accuracy,0.4363149614991858
mlp,control_subdomain,4.0,0,precision,0.4361437800231903
mlp,control_subdomain,4.0,0,recall,1.0
mlp,control_subdomain,4.0,0,f1,0.6073817762399077
mlp,control_subdomain,4.0,0,roc_auc,0.993537961974231
mlp,control_subdomain,4.0,0,fpr,0.9994617078541718
mlp,control_subdomain,4.0,0,asr,0.0
mlp,control_char,0.1,0,accuracy,0.9911130737173295
mlp,control_char,0.1,0,precision,0.9990326325293435
mlp,control_char,0.1,0,recall,0.9805671604000507
mlp,control_char,0.1,0,f1,0.9897137745974955
mlp,control_char,0.1,0,roc_auc,0.9978074007069866
mlp,control_char,0.1,0,fpr,0.0007340347443112308
mlp,control_char,0.1,0,asr,0.0002584647195657793
mlp,control_char,0.2,0,accuracy,0.9909474788176524
mlp,control_char,0.2,0,precision,0.9979400025749968
mlp,control_char,0.2,0,recall,0.9812634510697557
mlp,control_char,0.2,0,f1,0.9895314694242309
mlp,control_char,0.2,0,roc_auc,0.9977802209464095
mlp,control_char,0.2,0,fpr,0.0015659407878639588
mlp,control_char,0.2,0,asr,0.0005169294391315585
mlp,control_char,0.4,0,accuracy,0.9903954958187288
mlp,control_char,0.4,0,precision,0.9948116833205227
mlp,control_char,0.4,0,recall,0.9830991264717053
mlp,control_char,0.4,0,f1,0.9889207258834766
mlp,control_char,0.4,0,roc_auc,0.9978809482191255
mlp,control_char,0.4,0,fpr,0.003963787619280646
mlp,control_char,0.4,0,asr,0.0006461617989144482
mlp,clean,0.0,1,accuracy,0.9910854745673833
mlp,clean,0.0,1,precision,0.999290185197135
mlp,clean,0.0,1,recall,0.9802506646410938
mlp,clean,0.0,1,f1,0.9896788624380891
mlp,clean,0.0,1,roc_auc,0.9978862125650256
mlp,clean,0.0,1,fpr,0.0005382921458282359
mlp,clean,0.0,1,asr,0.0
mlp,path_padding,1.0,1,accuracy,0.4360113708497778
mlp,path_padding,1.0,1,precision,0.4360113708497778
mlp,path_padding,1.0,1,recall,1.0
mlp,path_padding,1.0,1,f1,0.6072533681843516
mlp,path_padding,1.0,1,roc_auc,0.9522116633805935
mlp,path_padding,1.0,1,fpr,1.0
mlp,path_padding,1.0,1,asr,0.0
mlp,path_padding,3.0,1,accuracy,0.4360113708497778
mlp,path_padding,3.0,1,precision,0.4360113708497778
mlp,path_padding,3.0,1,recall,1.0
mlp,path_padding,3.0,1,f1,0.6072533681843516
mlp,path_padding,3.0,1,roc_auc,0.5225318062362628
mlp,path_padding,3.0,1,fpr,1.0
mlp,path_padding,3.0,1,asr,0.0
mlp,path_padding,6.0,1,accuracy,0.4360113708497778
mlp,path_padding,6.0,1,precision,0.4360113708497778
mlp,path_padding,6.0,1,recall,1.0
mlp,path_padding,6.0,1,f1,0.6072533681843516
mlp,path_padding,6.0,1,roc_auc,0.5
mlp,path_padding,6.0,1,fpr,1.0
mlp,path_padding,6.0,1,asr,0.0
mlp,subdomain_padding,1.0,1,accuracy,0.9827505312836364
mlp,subdomain_padding,1.0,1,precision,0.9753148298978761
mlp,subdomain_padding,1.0,1,recall,0.9853778959361944
mlp,subdomain_padding,1.0,1,f1,0.9803205390597941
mlp,subdomain_padding,1.0,1,roc_auc,0.995654702956611
mlp,subdomain_padding,1.0,1,fpr,0.019280645950574993
mlp,subdomain_padding,1.0,1,asr,0.0030349993542554566
mlp,subdomain_padding,2.0,1,accuracy,0.7657936135567025
mlp,subdomain_padding,2.0,1,precision,0.651701244813278
mlp,subdomain_padding,2.0,1,recall,0.9941764780351944
mlp,subdomain_padding,2.0,1,f1,0.7873076344678931
mlp,subdomain_padding,2.0,1,roc_auc,0.9943094542665254
mlp,subdomain_padding,2.0,1,fpr,0.4107658429165647
mlp,subdomain_padding,2.0,1,asr,0.0027767015368720133
mlp,subdomain_padding,4.0,1,accuracy,0.43855049264482654
mlp,subdomain_padding,4.0,1,precision,0.4371212750062256
mlp,subdomain_padding,4.0,1,recall,1.0
mlp,subdomain_padding,4.0,1,f1,0.6083290013284814
mlp,subdomain_padding,4.0,1,roc_auc,0.9934850288910215
mlp,subdomain_padding,4.0,1,fpr,0.9954979202348911
mlp,subdomain_padding,4.0,1,asr,0.0
mlp,char_edit,0.1,1,accuracy,0.9859520326773935
mlp,char_edit,0.1,1,precision,0.9789486874255999
mlp,char_edit,0.1,1,recall,0.9890492467400936
mlp,char_edit,0.1,1,f1,0.9839730470102963
mlp,char_edit,0.1,1,roc_auc,0.9972797255341345
mlp,char_edit,0.1,1,fpr,0.01644237827257157
mlp,char_edit,0.1,1,asr,0.00012914890869172155
mlp,char_edit,0.2,1,accuracy,0.9528882510418679
mlp,char_edit,0.2,1,precision,0.9071837253655436
mlp,char_edit,0.2,1,recall,0.993606785669072
mlp,char_edit,0.2,1,f1,0.9484305610102414
mlp,char_edit,0.2,1,roc_auc,0.9973812984475863
mlp,char_edit,0.2,1,fpr,0.07859065329092244
mlp,char_edit,0.2,1,asr,0.00012914890869172155
mlp,char_edit,0.4,1,accuracy,0.7843678414704827
mlp,char_edit,0.4,1,precision,0.6696121330557798
mlp,char_edit,0.4,1,recall,0.9977212305355109
mlp,char_edit,0.4,1,f1,0.8013829219310065
mlp,char_edit,0.4,1,roc_auc,0.9973689994858939
mlp,char_edit,0.4,1,fpr,0.38057254710056276
mlp,char_edit,0.4,1,asr,0.0
mlp,path_strip,1.0,1,accuracy,0.9910854745673833
mlp,path_strip,1.0,1,precision,0.999290185197135
mlp,path_strip,1.0,1,recall,0.9802506646410938
mlp,path_strip,1.0,1,f1,0.9896788624380891
mlp,path_strip,1.0,1,roc_auc,0.9978862125650257
mlp,path_strip,1.0,1,fpr,0.0005382921458282359
mlp,path_strip,1.0,1,asr,0.0
mlp,path_strip,2.0,1,accuracy,0.954875389837993
mlp,path_strip,2.0,1,precision,0.9992245329573494
mlp,path_strip,2.0,1,recall,0.8972021774908217
mlp,path_strip,2.0,1,f1,0.9454690991561885
mlp,path_strip,2.0,1,roc_auc,0.992858464862218
mlp,path_strip,2.0,1,fpr,0.0005382921458282359
mlp,path_strip,2.0,1,asr,0.08472168410176933
mlp,path_strip,3.0,1,accuracy,0.9210388320039743
mlp,path_strip,3.0,1,precision,0.9991511690716877
mlp,path_strip,3.0,1,recall,0.8195974173946069
mlp,path_strip,3.0,1,f1,0.9005111798866363
mlp,path_strip,3.0,1,roc_auc,0.9765200911074123
mlp,path_strip,3.0,1,fpr,0.0005382921458282359
mlp,path_strip,3.0,1,asr,0.16388996512979465
mlp,control_path,1.0,1,accuracy,0.4360113708497778
mlp,control_path,1.0,1,precision,0.4360113708497778
mlp,control_path,1.0,1,recall,1.0
mlp,control_path,1.0,1,f1,0.6072533681843516
mlp,control_path,1.0,1,roc_auc,0.9498194588004607
mlp,control_path,1.0,1,fpr,1.0
mlp,control_path,1.0,1,asr,0.0
mlp,control_path,3.0,1,accuracy,0.4360113708497778
mlp,control_path,3.0,1,precision,0.4360113708497778
mlp,control_path,3.0,1,recall,1.0
mlp,control_path,3.0,1,f1,0.6072533681843516
mlp,control_path,3.0,1,roc_auc,0.5216139298154742
mlp,control_path,3.0,1,fpr,1.0
mlp,control_path,3.0,1,asr,0.0
mlp,control_path,6.0,1,accuracy,0.4360113708497778
mlp,control_path,6.0,1,precision,0.4360113708497778
mlp,control_path,6.0,1,recall,1.0
mlp,control_path,6.0,1,f1,0.6072533681843516
mlp,control_path,6.0,1,roc_auc,0.5
mlp,control_path,6.0,1,fpr,1.0
mlp,control_path,6.0,1,asr,0.0
mlp,control_subdomain,1.0,1,accuracy,0.9886567493721193
mlp,control_subdomain,1.0,1,precision,0.9894395317768306
mlp,control_subdomain,1.0,1,recall,0.9844917078111153
mlp,control_subdomain,1.0,1,f1,0.9869594187264016
mlp,control_subdomain,1.0,1,roc_auc,0.995821755721774
mlp,control_subdomain,1.0,1,fpr,0.008123317837044286
mlp,control_subdomain,1.0,1,asr,0.0030349993542554566
mlp,control_subdomain,2.0,1,accuracy,0.7341373885684321
mlp,control_subdomain,2.0,1,precision,0.6220453735598052
mlp,control_subdomain,2.0,1,recall,0.9944929737941511
mlp,control_subdomain,2.0,1,f1,0.7653635367190355
mlp,control_subdomain,2.0,1,roc_auc,0.9945521066939651
mlp,control_subdomain,2.0,1,fpr,0.46713971127966725
mlp,control_subdomain,2.0,1,asr,0.0027767015368720133
mlp,control_subdomain,4.0,1,accuracy,0.437253332597356
mlp,control_subdomain,4.0,1,precision,0.43655355366419807
mlp,control_subdomain,4.0,1,recall,1.0
mlp,control_subdomain,4.0,1,f1,0.607779017427769
mlp,control_subdomain,4.0,1,roc_auc,0.9939955434423458
mlp,control_subdomain,4.0,1,fpr,0.9977978957670663
mlp,control_subdomain,4.0,1,asr,0.0
mlp,control_char,0.1,1,accuracy,0.9911130737173295
mlp,control_char,0.1,1,precision,0.9988396080453842
mlp,control_char,0.1,1,recall,0.9807570578554248
mlp,control_char,0.1,1,f1,0.9897157457681252
mlp,control_char,0.1,1,roc_auc,0.997844906267539
mlp,control_char,0.1,1,fpr,0.0008808416931734769
mlp,control_char,0.1,1,asr,0.00019372336303758234
mlp,control_char,0.2,1,accuracy,0.9909474788176524
mlp,control_char,0.2,1,precision,0.9976196603190942
mlp,control_char,0.2,1,recall,0.9815799468287125
mlp,control_char,0.2,1,f1,0.9895348095207709
mlp,control_char,0.2,1,roc_auc,0.9979041522292097
mlp,control_char,0.2,1,fpr,0.0018106190359677024
mlp,control_char,0.2,1,asr,0.00045202118042102544
mlp,control_char,0.4,1,accuracy,0.9907542847680292
mlp,control_char,0.4,1,precision,0.9949427053325651
mlp,control_char,0.4,1,recall,0.9837954171414103
mlp,control_char,0.4,1,f1,0.9893376619243133
mlp,control_char,0.4,1,roc_auc,0.997945605661989
mlp,control_char,0.4,1,fpr,0.0038659163200391485
mlp,control_char,0.4,1,asr,0.0005165956347668862
mlp,clean,0.0,2,accuracy,0.9899263102696437
mlp,clean,0.0,2,precision,0.9992236527139807
mlp,clean,0.0,2,recall,0.9776553994176478
mlp,clean,0.0,2,f1,0.9883218685010399
mlp,clean,0.0,2,roc_auc,0.9980686386451064
mlp,clean,0.0,2,fpr,0.0005872277954489846
mlp,clean,0.0,2,asr,0.0
mlp,path_padding,1.0,2,accuracy,0.4360113708497778
mlp,path_padding,1.0,2,precision,0.4360113708497778
mlp,path_padding,1.0,2,recall,1.0
mlp,path_padding,1.0,2,f1,0.6072533681843516
mlp,path_padding,1.0,2,roc_auc,0.9070228991767331
mlp,path_padding,1.0,2,fpr,1.0
mlp,path_padding,1.0,2,asr,0.0
mlp,path_padding,3.0,2,accuracy,0.4360113708497778
mlp,path_padding,3.0,2,precision,0.4360113708497778
mlp,path_padding,3.0,2,recall,1.0
mlp,path_padding,3.0,2,f1,0.6072533681843516
mlp,path_padding,3.0,2,roc_auc,0.8446303408523805
mlp,path_padding,3.0,2,fpr,1.0
mlp,path_padding,3.0,2,asr,0.0
mlp,path_padding,6.0,2,accuracy,0.4360113708497778
mlp,path_padding,6.0,2,precision,0.4360113708497778
mlp,path_padding,6.0,2,recall,1.0
mlp,path_padding,6.0,2,f1,0.6072533681843516
mlp,path_padding,6.0,2,roc_auc,0.49987340169641725
mlp,path_padding,6.0,2,fpr,1.0
mlp,path_padding,6.0,2,asr,0.0
mlp,subdomain_padding,1.0,2,accuracy,0.9707449010570475
mlp,subdomain_padding,1.0,2,precision,0.9470395535064304
mlp,subdomain_padding,1.0,2,recall,0.9881630586150145
mlp,subdomain_padding,1.0,2,f1,0.9671643640418809
mlp,subdomain_padding,1.0,2,roc_auc,0.9951088031417443
mlp,subdomain_padding,1.0,2,fpr,0.04272082211891363
mlp,subdomain_padding,1.0,2,asr,0.0029783101327290383
mlp,subdomain_padding,2.0,2,accuracy,0.6107415891590539
mlp,subdomain_padding,2.0,2,precision,0.5284552845528455
mlp,subdomain_padding,2.0,2,recall,0.9956956576781871
mlp,subdomain_padding,2.0,2,f1,0.6904573786322535
mlp,subdomain_padding,2.0,2,roc_auc,0.9932784137687904
mlp,subdomain_padding,2.0,2,fpr,0.686860778076829
mlp,subdomain_padding,2.0,2,asr,0.002589834898025251
mlp,subdomain_padding,4.0,2,accuracy,0.436038969999724
mlp,subdomain_padding,4.0,2,precision,0.43602340472510487
mlp,subdomain_padding,4.0,2,recall,1.0
mlp,subdomain_padding,4.0,2,f1,0.6072650394003459
mlp,subdomain_padding,4.0,2,roc_auc,0.9904155264843064
mlp,subdomain_padding,4.0,2,fpr,0.9999510643503793
mlp,subdomain_padding,4.0,2,asr,0.0
mlp,char_edit,0.1,2,accuracy,0.9883255595727651
mlp,char_edit,0.1,2,precision,0.9860276917240943
mlp,char_edit,0.1,2,recall,0.987213571338144
mlp,char_edit,0.1,2,f1,0.9866202751858295
mlp,char_edit,0.1,2,roc_auc,0.997413479259329
mlp,char_edit,0.1,2,fpr,0.010814778566185465
mlp,char_edit,0.1,2,asr,0.00012949174490126255
mlp,char_edit,0.2,2,accuracy,0.9705793061573703
mlp,char_edit,0.2,2,precision,0.9428811928811929
mlp,char_edit,0.2,2,recall,0.9926572983922015
mlp,char_edit,0.2,2,f1,0.9671292013567684
mlp,char_edit,0.2,2,roc_auc,0.9974930469281358
mlp,char_edit,0.2,2,fpr,0.04648886713971128
mlp,char_edit,0.2,2,asr,6.474587245063128e-05
mlp,char_edit,0.4,2,accuracy,0.8632186128667237
mlp,char_edit,0.4,2,precision,0.7628236206729371
mlp,char_edit,0.4,2,recall,0.9959488542853526
mlp,char_edit,0.4,2,f1,0.8639358664616736
mlp,char_edit,0.4,2,roc_auc,0.9968655396846653
mlp,char_edit,0.4,2,fpr,0.2393931979447027
mlp,char_edit,0.4,2,asr,0.0
mlp,path_strip,1.0,2,accuracy,0.9899263102696437
mlp,path_strip,1.0,2,precision,0.9992236527139807
mlp,path_strip,1.0,2,recall,0.9776553994176478
mlp,path_strip,1.0,2,f1,0.9883218685010399
mlp,path_strip,1.0,2,roc_auc,0.9980686355475212
mlp,path_strip,1.0,2,fpr,0.0005872277954489846
mlp,path_strip,1.0,2,asr,0.0
mlp,path_strip,2.0,2,accuracy,0.9477272100019319
mlp,path_strip,2.0,2,precision,0.9991384261918438
mlp,path_strip,2.0,2,recall,0.8808709963286492
mlp,path_strip,2.0,2,f1,0.9362847339029805
mlp,path_strip,2.0,2,roc_auc,0.9928729677557188
mlp,path_strip,2.0,2,fpr,0.0005872277954489846
mlp,path_strip,2.0,2,asr,0.09899643897701521
mlp,path_strip,3.0,2,accuracy,0.9118207159219496
mlp,path_strip,3.0,2,precision,0.9990496555001188
mlp,path_strip,3.0,2,recall,0.798518799848082
mlp,path_strip,3.0,2,f1,0.8875989445910291
mlp,path_strip,3.0,2,roc_auc,0.9788901928689687
mlp,path_strip,3.0,2,fpr,0.0005872277954489846
mlp,path_strip,3.0,2,asr,0.1832308190352865
mlp,control_path,1.0,2,accuracy,0.4360113708497778
mlp,control_path,1.0,2,precision,0.4360113708497778
mlp,control_path,1.0,2,recall,1.0
mlp,control_path,1.0,2,f1,0.6072533681843516
mlp,control_path,1.0,2,roc_auc,0.9050456563911405
mlp,control_path,1.0,2,fpr,1.0
mlp,control_path,1.0,2,asr,0.0
mlp,control_path,3.0,2,accuracy,0.4360113708497778
mlp,control_path,3.0,2,precision,0.4360113708497778
mlp,control_path,3.0,2,recall,1.0
mlp,control_path,3.0,2,f1,0.6072533681843516
mlp,control_path,3.0,2,roc_auc,0.8486867694984388
mlp,control_path,3.0,2,fpr,1.0
mlp,control_path,3.0,2,asr,0.0
mlp,control_path,6.0,2,accuracy,0.4360113708497778
mlp,control_path,6.0,2,precision,0.4360113708497778
mlp,control_path,6.0,2,recall,1.0
mlp,control_path,6.0,2,f1,0.6072533681843516
mlp,control_path,6.0,2,roc_auc,0.49990505127231294
mlp,control_path,6.0,2,fpr,1.0
mlp,control_path,6.0,2,asr,0.0
mlp,control_subdomain,1.0,2,accuracy,0.9834681091822371
mlp,control_subdomain,1.0,2,precision,0.9746424333270877
mlp,control_subdomain,1.0,2,recall,0.9877832637042664
mlp,control_subdomain,1.0,2,f1,0.9811688515828854
mlp,control_subdomain,1.0,2,roc_auc,0.9954824214677764
mlp,control_subdomain,1.0,2,fpr,0.01986787374602398
mlp,control_subdomain,1.0,2,asr,0.0029783101327290383
mlp,control_subdomain,2.0,2,accuracy,0.643722573344741
mlp,control_subdomain,2.0,2,precision,0.5505830444374409
mlp,control_subdomain,2.0,2,recall,0.9952525636156475
mlp,control_subdomain,2.0,2,f1,0.708961785593507
mlp,control_subdomain,2.0,2,roc_auc,0.9942334581133545
mlp,control_subdomain,2.0,2,fpr,0.628040127232689
mlp,control_subdomain,2.0,2,asr,0.0027193266429265135
mlp,control_subdomain,4.0,2,accuracy,0.4360113708497778
mlp,control_subdomain,4.0,2,precision,0.4360113708497778
mlp,control_subdomain,4.0,2,recall,1.0
mlp,control_subdomain,4.0,2,f1,0.6072533681843516
mlp,control_subdomain,4.0,2,roc_auc,0.9922820925537988
mlp,control_subdomain,4.0,2,fpr,1.0
mlp,control_subdomain,4.0,2,asr,0.0
mlp,control_char,0.1,2,accuracy,0.990119504319267
mlp,control_char,0.1,2,precision,0.9982573899574029
mlp,control_char,0.1,2,recall,0.9790479807570579
mlp,control_char,0.1,2,f1,0.9885593761983894
mlp,control_char,0.1,2,roc_auc,0.9978853870585929
mlp,control_char,0.1,2,fpr,0.0013212625397602154
mlp,control_char,0.1,2,asr,0.00019423761735189383
mlp,control_char,0.2,2,accuracy,0.9901471034692132
mlp,control_char,0.2,2,precision,0.9974869514788324
mlp,control_char,0.2,2,recall,0.9798708697303457
mlp,control_char,0.2,2,f1,0.9886004406552352
mlp,control_char,0.2,2,roc_auc,0.9978949446574603
mlp,control_char,0.2,2,fpr,0.0019084903352092
mlp,control_char,0.2,2,asr,0.0004532211071544189
mlp,control_char,0.4,2,accuracy,0.9895951204702895
mlp,control_char,0.4,2,precision,0.9932825794894761
mlp,control_char,0.4,2,recall,0.9827826307127484
mlp,control_char,0.4,2,f1,0.9880047090266951
mlp,control_char,0.4,2,roc_auc,0.9977982349526362
mlp,control_char,0.4,2,fpr,0.005138243210178615
mlp,control_char,0.4,2,asr,0.0005179669796050502
rf,clean,0.0,0,accuracy,0.9910026771175448
rf,clean,0.0,0,precision,0.9994189799870884
rf,clean,0.0,0,recall,0.979934168882137
rf,clean,0.0,0,f1,0.9895806699053951
rf,clean,0.0,0,roc_auc,0.9981149026275667
rf,clean,0.0,0,fpr,0.00044042084658673844
rf,clean,0.0,0,asr,0.0
rf,path_padding,1.0,0,accuracy,0.4360113708497778
rf,path_padding,1.0,0,precision,0.4360113708497778
rf,path_padding,1.0,0,recall,1.0
rf,path_padding,1.0,0,f1,0.6072533681843516
rf,path_padding,1.0,0,roc_auc,0.7759264342740606
rf,path_padding,1.0,0,fpr,1.0
rf,path_padding,1.0,0,asr,0.0
rf,path_padding,3.0,0,accuracy,0.4360113708497778
rf,path_padding,3.0,0,precision,0.4360113708497778
rf,path_padding,3.0,0,recall,1.0
rf,path_padding,3.0,0,f1,0.6072533681843516
rf,path_padding,3.0,0,roc_auc,0.6943270609403097
rf,path_padding,3.0,0,fpr,1.0
rf,path_padding,3.0,0,asr,0.0
rf,path_padding,6.0,0,accuracy,0.4360113708497778
rf,path_padding,6.0,0,precision,0.4360113708497778
rf,path_padding,6.0,0,recall,1.0
rf,path_padding,6.0,0,f1,0.6072533681843516
rf,path_padding,6.0,0,roc_auc,0.6914475551116922
rf,path_padding,6.0,0,fpr,1.0
rf,path_padding,6.0,0,asr,0.0
rf,subdomain_padding,1.0,0,accuracy,0.9875527833742721
rf,subdomain_padding,1.0,0,precision,0.9899125327204239
rf,subdomain_padding,1.0,0,recall,0.9814533485251298
rf,subdomain_padding,1.0,0,f1,0.9856647913289469
rf,subdomain_padding,1.0,0,roc_auc,0.9949995311804931
rf,subdomain_padding,1.0,0,fpr,0.007731832640078297
rf,subdomain_padding,1.0,0,asr,0.0031651702086428527
rf,subdomain_padding,2.0,0,accuracy,0.8952888251041868
rf,subdomain_padding,2.0,0,precision,0.8121489494487206
rf,subdomain_padding,2.0,0,recall,0.9884795543739714
rf,subdomain_padding,2.0,0,f1,0.8916804659395877
rf,subdomain_padding,2.0,0,roc_auc,0.9922159745995542
rf,subdomain_padding,2.0,0,fpr,0.17675556643014437
rf,subdomain_padding,2.0,0,asr,0.0028421936567405207
rf,subdomain_padding,4.0,0,accuracy,0.5995087351309579
rf,subdomain_padding,4.0,0,precision,0.5212903225806451
rf,subdomain_padding,4.0,0,recall,0.9973414356247626
rf,subdomain_padding,4.0,0,f1,0.6847011276970211
rf,subdomain_padding,4.0,0,roc_auc,0.9935962802091601
rf,subdomain_padding,4.0,0,fpr,0.7080499143626131
rf,subdomain_padding,4.0,0,asr,0.001033524966087462
rf,char_edit,0.1,0,accuracy,0.9672674081638285
rf,char_edit,0.1,0,precision,0.9380621177599232
rf,char_edit,0.1,0,recall,0.990315229775921
rf,char_edit,0.1,0,f1,0.9634807242271216
rf,char_edit,0.1,0,roc_auc,0.9971365783820836
rf,char_edit,0.1,0,fpr,0.05055052605823342
rf,char_edit,0.1,0,asr,0.0003229765519023319
rf,char_edit,0.2,0,accuracy,0.9469544338034388
rf,char_edit,0.2,0,precision,0.8961854728186387
rf,char_edit,0.2,0,recall,0.9934168882136979
rf,char_edit,0.2,0,f1,0.9422996097268088
rf,char_edit,0.2,0,roc_auc,0.9969710775070623
rf,char_edit,0.2,0,fpr,0.08896501101052116
rf,char_edit,0.2,0,asr,6.459531038046638e-05
rf,char_edit,0.4,0,accuracy,0.85869235227555
rf,char_edit,0.4,0,precision,0.7568802925327175
rf,char_edit,0.4,0,recall,0.9957589568299785
rf,char_edit,0.4,0,f1,0.8600404570553825
rf,char_edit,0.4,0,roc_auc,0.9962735276690087
rf,char_edit,0.4,0,fpr,0.24727183753364326
rf,char_edit,0.4,0,asr,6.459531038046638e-05
rf,path_strip,1.0,0,accuracy,0.9910026771175448
rf,path_strip,1.0,0,precision,0.9994189799870884
rf,path_strip,1.0,0,recall,0.979934168882137
rf,path_strip,1.0,0,f1,0.9895806699053951
rf,path_strip,1.0,0,roc_auc,0.998114902627567
rf,path_strip,1.0,0,fpr,0.00044042084658673844
rf,path_strip,1.0,0,asr,0.0
rf,path_strip,2.0,0,accuracy,0.9557309634863246
rf,path_strip,2.0,0,precision,0.9993667323388685
rf,path_strip,2.0,0,recall,0.8990378528927713
rf,path_strip,2.0,0,f1,0.9465511496167944
rf,path_strip,2.0,0,roc_auc,0.9931627793677166
rf,path_strip,2.0,0,fpr,0.00044042084658673844
rf,path_strip,2.0,0,asr,0.08255280666623603
rf,path_strip,3.0,0,accuracy,0.9215356167030055
rf,path_strip,3.0,0,precision,0.9993062514453095
rf,path_strip,3.0,0,recall,0.8206102038232688
rf,path_strip,3.0,0,f1,0.9011852212297105
rf,path_strip,3.0,0,roc_auc,0.979113373876386
rf,path_strip,3.0,0,fpr,0.00044042084658673844
rf,path_strip,3.0,0,asr,0.16258639622763388
rf,control_path,1.0,0,accuracy,0.4360113708497778
rf,control_path,1.0,0,precision,0.4360113708497778
rf,control_path,1.0,0,recall,1.0
rf,control_path,1.0,0,f1,0.6072533681843516
rf,control_path,1.0,0,roc_auc,0.7616189612229737
rf,control_path,1.0,0,fpr,1.0
rf,control_path,1.0,0,asr,0.0
rf,control_path,3.0,0,accuracy,0.4360113708497778
rf,control_path,3.0,0,precision,0.4360113708497778
rf,control_path,3.0,0,recall,1.0
rf,control_path,3.0,0,f1,0.6072533681843516
rf,control_path,3.0,0,roc_auc,0.6152417078188592
rf,control_path,3.0,0,fpr,1.0
rf,control_path,3.0,0,asr,0.0
rf,control_path,6.0,0,accuracy,0.4360113708497778
rf,control_path,6.0,0,precision,0.4360113708497778
rf,control_path,6.0,0,recall,1.0
rf,control_path,6.0,0,f1,0.6072533681843516
rf,control_path,6.0,0,roc_auc,0.5347119027464831
rf,control_path,6.0,0,fpr,1.0
rf,control_path,6.0,0,asr,0.0
rf,control_subdomain,1.0,0,accuracy,0.9892915298208815
rf,control_subdomain,1.0,0,precision,0.9939735863572253
rf,control_subdomain,1.0,0,recall,0.9813900493733384
rf,control_subdomain,1.0,0,f1,0.9876417378009937
rf,control_subdomain,1.0,0,roc_auc,0.9958972903347632
rf,control_subdomain,1.0,0,fpr,0.004599951064350379
rf,control_subdomain,1.0,0,asr,0.003100574898262386
rf,control_subdomain,2.0,0,accuracy,0.8831175999779207
rf,control_subdomain,2.0,0,precision,0.7942089461096128
rf,control_subdomain,2.0,0,recall,0.9879098620078491
rf,control_subdomain,2.0,0,f1,0.8805325961240091
rf,control_subdomain,2.0,0,roc_auc,0.9916900278791954
rf,control_subdomain,2.0,0,fpr,0.1978957670663078
rf,control_subdomain,2.0,0,asr,0.0029713842775014533
rf,control_subdomain,4.0,0,accuracy,0.6053597549195485
rf,control_subdomain,4.0,0,precision,0.5249791701383103
rf,control_subdomain,4.0,0,recall,0.9970882390175971
rf,control_subdomain,4.0,0,f1,0.6878152086107897
rf,control_subdomain,4.0,0,roc_auc,0.9939875749046416
rf,control_subdomain,4.0,0,fpr,0.6974798140445314
rf,control_subdomain,4.0,0,asr,0.001550287449131193
rf,control_char,0.1,0,accuracy,0.9913614660668452
rf,control_char,0.1,0,precision,0.9992262557224837
rf,control_char,0.1,0,recall,0.9809469553107988
rf,control_char,0.1,0,f1,0.9900022359216789
rf,control_char,0.1,0,roc_auc,0.9981703401083406
rf,control_char,0.1,0,fpr,0.0005872277954489846
rf,control_char,0.1,0,asr,0.00019378593114139912
rf,control_char,0.2,0,accuracy,0.9917478541660917
rf,control_char,0.2,0,precision,0.9989698023308222
rf,control_char,0.2,0,recall,0.9820863400430434
rf,control_char,0.2,0,f1,0.9904561269111686
rf,control_char,0.2,0,roc_auc,0.998044167722711
rf,control_char,0.2,0,fpr,0.0007829703939319794
rf,control_char,0.2,0,asr,0.0003229765519023319
rf,control_char,0.4,0,accuracy,0.9921894405652306
rf,control_char,0.4,0,precision,0.9975626964274261
rf,control_char,0.4,0,recall,0.9844917078111153
rf,control_char,0.4,0,f1,0.9909841027111408
rf,control_char,0.4,0,roc_auc,0.9980086430678383
rf,control_char,0.4,0,fpr,0.0018595546855884513
rf,control_char,0.4,0,asr,0.00038757186228279824
rf,clean,0.0,1,accuracy,0.990726685618083
rf,clean,0.0,1,precision,0.9993540886190415
rf,clean,0.0,1,recall,0.9793644765160147
rf,clean,0.0,1,f1,0.9892583120204603
rf,clean,0.0,1,roc_auc,0.9982406800710943
rf,clean,0.0,1,fpr,0.0004893564962074871
rf,clean,0.0,1,asr,0.0
rf,path_padding,1.0,1,accuracy,0.4360113708497778
rf,path_padding,1.0,1,precision,0.4360113708497778
rf,path_padding,1.0,1,recall,1.0
rf,path_padding,1.0,1,f1,0.6072533681843516
rf,path_padding,1.0,1,roc_auc,0.8942857298621425
rf,path_padding,1.0,1,fpr,1.0
rf,path_padding,1.0,1,asr,0.0
rf,path_padding,3.0,1,accuracy,0.4360113708497778
rf,path_padding,3.0,1,precision,0.4360113708497778
rf,path_padding,3.0,1,recall,1.0
rf,path_padding,3.0,1,f1,0.6072533681843516
rf,path_padding,3.0,1,roc_auc,0.825617868332994
rf,path_padding,3.0,1,fpr,1.0
rf,path_padding,3.0,1,asr,0.0
rf,path_padding,6.0,1,accuracy,0.4360113708497778
rf,path_padding,6.0,1,precision,0.4360113708497778
rf,path_padding,6.0,1,recall,1.0
rf,path_padding,6.0,1,f1,0.6072533681843516
rf,path_padding,6.0,1,roc_auc,0.7339263148931303
rf,path_padding,6.0,1,fpr,1.0
rf,path_padding,6.0,1,asr,0.0
rf,subdomain_padding,1.0,1,accuracy,0.9872767918748102
rf,subdomain_padding,1.0,1,precision,0.990093947721608
rf,subdomain_padding,1.0,1,recall,0.980630459551842
rf,subdomain_padding,1.0,1,f1,0.9853394816346001
rf,subdomain_padding,1.0,1,roc_auc,0.9950066323943655
rf,subdomain_padding,1.0,1,fpr,0.007585025691216051
rf,subdomain_padding,1.0,1,asr,0.003296277145811789
rf,subdomain_padding,2.0,1,accuracy,0.883614384676952
rf,subdomain_padding,2.0,1,precision,0.7947569356070247
rf,subdomain_padding,2.0,1,recall,0.9882896569185973
rf,subdomain_padding,2.0,1,f1,0.8810202296645318
rf,subdomain_padding,2.0,1,roc_auc,0.9920481520844906
rf,subdomain_padding,2.0,1,fpr,0.1973085392708588
rf,subdomain_padding,2.0,1,asr,0.002843846949327818
rf,subdomain_padding,4.0,1,accuracy,0.6249275522313913
rf,subdomain_padding,4.0,1,precision,0.5377049180327869
rf,subdomain_padding,4.0,1,recall,0.9965818458032663
rf,subdomain_padding,4.0,1,f1,0.6985225608944496
rf,subdomain_padding,4.0,1,roc_auc,0.9932730936663584
rf,subdomain_padding,4.0,1,fpr,0.6623929532664546
rf,subdomain_padding,4.0,1,asr,0.0009694932781799379
rf,char_edit,0.1,1,accuracy,0.9653906659674882
rf,char_edit,0.1,1,precision,0.9345643599856579
rf,char_edit,0.1,1,recall,0.9899354348651728
rf,char_edit,0.1,1,f1,0.9614533382515676
rf,char_edit,0.1,1,roc_auc,0.9971334838945554
rf,char_edit,0.1,1,fpr,0.053584536334719844
rf,char_edit,0.1,1,asr,0.00019389865563598758
rf,char_edit,0.2,1,accuracy,0.9426213672618884
rf,char_edit,0.2,1,precision,0.888486152800589
rf,char_edit,0.2,1,recall,0.9930370933029498
rf,char_edit,0.2,1,f1,0.937856822597519
rf,char_edit,0.2,1,roc_auc,0.9967736498222777
rf,char_edit,0.2,1,fpr,0.09635429410325422
rf,char_edit,0.2,1,asr,6.463288521199587e-05
rf,char_edit,0.4,1,accuracy,0.8697044131040764
rf,char_edit,0.4,1,precision,0.771961698993371
rf,char_edit,0.4,1,recall,0.9951259653120648
rf,char_edit,0.4,1,f1,0.8694522025274452
rf,char_edit,0.4,1,roc_auc,0.9962840253849579
rf,char_edit,0.4,1,fpr,0.22725715683875702
rf,char_edit,0.4,1,asr,0.00012926577042399174
rf,path_strip,1.0,1,accuracy,0.990726685618083
rf,path_strip,1.0,1,precision,0.9993540886190415
rf,path_strip,1.0,1,recall,0.9793644765160147
rf,path_strip,1.0,1,f1,0.9892583120204603
rf,path_strip,1.0,1,roc_auc,0.9982406800710946
rf,path_strip,1.0,1,fpr,0.0004893564962074871
rf,path_strip,1.0,1,asr,0.0
rf,path_strip,2.0,1,accuracy,0.9551513813374548
rf,path_strip,2.0,1,precision,0.9992954273233284
rf,path_strip,2.0,1,recall,0.8977718698569439
rf,path_strip,2.0,1,f1,0.9458170784568704
rf,path_strip,2.0,1,roc_auc,0.9940297206476939
rf,path_strip,2.0,1,fpr,0.0004893564962074871
rf,path_strip,2.0,1,asr,0.08331178903826267
rf,path_strip,3.0,1,accuracy,0.9211768277537052
rf,path_strip,3.0,1,precision,0.9992285141181917
rf,path_strip,3.0,1,recall,0.8198506140017724
rf,path_strip,3.0,1,f1,0.9006954102920723
rf,path_strip,3.0,1,roc_auc,0.979101163195869
rf,path_strip,3.0,1,fpr,0.0004893564962074871
rf,path_strip,3.0,1,asr,0.16287487073422957
rf,control_path,1.0,1,accuracy,0.4360113708497778
rf,control_path,1.0,1,precision,0.4360113708497778
rf,control_path,1.0,1,recall,1.0
rf,control_path,1.0,1,f1,0.6072533681843516
rf,control_path,1.0,1,roc_auc,0.9005484429322448
rf,control_path,1.0,1,fpr,1.0
rf,control_path,1.0,1,asr,0.0
rf,control_path,3.0,1,accuracy,0.4360113708497778
rf,control_path,3.0,1,precision,0.4360113708497778
rf,control_path,3.0,1,recall,1.0
rf,control_path,3.0,1,f1,0.6072533681843516
rf,control_path,3.0,1,roc_auc,0.9089794500937685
rf,control_path,3.0,1,fpr,1.0
rf,control_path,3.0,1,asr,0.0
rf,control_path,6.0,1,accuracy,0.4360113708497778
rf,control_path,6.0,1,precision,0.4360113708497778
rf,control_path,6.0,1,recall,1.0
rf,control_path,6.0,1,f1,0.6072533681843516
rf,control_path,6.0,1,roc_auc,0.8826168510550669
rf,control_path,6.0,1,fpr,1.0
rf,control_path,6.0,1,asr,0.0
rf,control_subdomain,1.0,1,accuracy,0.9886567493721193
rf,control_subdomain,1.0,1,precision,0.9937744689044349
rf,control_subdomain,1.0,1,recall,0.980124066337511
rf,control_subdomain,1.0,1,f1,0.9869020682622136
rf,control_subdomain,1.0,1,roc_auc,0.995911097820406
rf,control_subdomain,1.0,1,fpr,0.004746758013212626
rf,control_subdomain,1.0,1,asr,0.003296277145811789
rf,control_subdomain,2.0,1,accuracy,0.8423812546573566
rf,control_subdomain,2.0,1,precision,0.7385197446204776
rf,control_subdomain,2.0,1,recall,0.9884795543739714
rf,control_subdomain,2.0,1,f1,0.8454104972525242
rf,control_subdomain,2.0,1,roc_auc,0.9912251531469312
rf,control_subdomain,2.0,1,fpr,0.2705652067531196
rf,control_subdomain,2.0,1,asr,0.0030377456049638057
rf,control_subdomain,4.0,1,accuracy,0.6018822620263296
rf,control_subdomain,4.0,1,precision,0.522785356301238
rf,control_subdomain,4.0,1,recall,0.9970249398658058
rf,control_subdomain,4.0,1,f1,0.6859146036100768
rf,control_subdomain,4.0,1,roc_auc,0.991855852451861
rf,control_subdomain,4.0,1,fpr,0.7035967702471251
rf,control_subdomain,4.0,1,asr,0.0010987590486039296
rf,control_char,0.1,1,accuracy,0.9913614660668452
rf,control_char,0.1,1,precision,0.9992262557224837
rf,control_char,0.1,1,recall,0.9809469553107988
rf,control_char,0.1,1,f1,0.9900022359216789
rf,control_char,0.1,1,roc_auc,0.9982131394418516
rf,control_char,0.1,1,fpr,0.0005872277954489846
rf,control_char,0.1,1,asr,0.00012926577042399174
rf,control_char,0.2,1,accuracy,0.9916650567162532
rf,control_char,0.2,1,precision,0.9990981705745942
rf,control_char,0.2,1,recall,0.9817698442840866
rf,control_char,0.2,1,f1,0.9903582146733925
rf,control_char,0.2,1,roc_auc,0.998143322970982
rf,control_char,0.2,1,fpr,0.000685099094690482
rf,control_char,0.2,1,asr,0.0002585315408479835
rf,control_char,0.4,1,accuracy,0.9919410482157149
rf,control_char,0.4,1,precision,0.9972421754746024
rf,control_char,0.4,1,recall,0.9842385112039499
rf,control_char,0.4,1,f1,0.9906976744186047
rf,control_char,0.4,1,roc_auc,0.9980008727755816
rf,control_char,0.4,1,fpr,0.002104232933692195
rf,control_char,0.4,1,asr,0.0003231644260599793
rf,clean,0.0,2,accuracy,0.9909474788176524
rf,clean,0.0,2,precision,0.9994834043652331
rf,clean,0.0,2,recall,0.9797442714267629
rf,clean,0.0,2,f1,0.9895154072369262
rf,clean,0.0,2,roc_auc,0.9977777134512602
rf,clean,0.0,2,fpr,0.0003914851969659897
rf,clean,0.0,2,asr,0.0
rf,path_padding,1.0,2,accuracy,0.4360113708497778
rf,path_padding,1.0,2,precision,0.4360113708497778
rf,path_padding,1.0,2,recall,1.0
rf,path_padding,1.0,2,f1,0.6072533681843516
rf,path_padding,1.0,2,roc_auc,0.5878829873594057
rf,path_padding,1.0,2,fpr,1.0
rf,path_padding,1.0,2,asr,0.0
rf,path_padding,3.0,2,accuracy,0.4360113708497778
rf,path_padding,3.0,2,precision,0.4360113708497778
rf,path_padding,3.0,2,recall,1.0
rf,path_padding,3.0,2,f1,0.6072533681843516
rf,path_padding,3.0,2,roc_auc,0.5201377229707588
rf,path_padding,3.0,2,fpr,1.0
rf,path_padding,3.0,2,asr,0.0
rf,path_padding,6.0,2,accuracy,0.4360113708497778
rf,path_padding,6.0,2,precision,0.4360113708497778
rf,path_padding,6.0,2,recall,1.0
rf,path_padding,6.0,2,f1,0.6072533681843516
rf,path_padding,6.0,2,roc_auc,0.5344443782593759
rf,path_padding,6.0,2,fpr,1.0
rf,path_padding,6.0,2,asr,0.0
rf,subdomain_padding,1.0,2,accuracy,0.9878839731736263
rf,subdomain_padding,1.0,2,precision,0.9916138531464055
rf,subdomain_padding,1.0,2,recall,0.9805038612482593
rf,subdomain_padding,1.0,2,f1,0.9860275629396226
rf,subdomain_padding,1.0,2,roc_auc,0.9950065828330036
rf,subdomain_padding,1.0,2,fpr,0.006410570100318082
rf,subdomain_padding,1.0,2,asr,0.0034888228453288537
rf,subdomain_padding,2.0,2,accuracy,0.8812408577815803
rf,subdomain_padding,2.0,2,precision,0.791233848492526
rf,subdomain_padding,2.0,2,recall,0.98841625522218
rf,subdomain_padding,2.0,2,f1,0.8789013030140995
rf,subdomain_padding,2.0,2,roc_auc,0.9919854043028492
rf,subdomain_padding,2.0,2,fpr,0.2016148764374847
rf,subdomain_padding,2.0,2,asr,0.002907352371107378
rf,subdomain_padding,4.0,2,accuracy,0.616371815748075
rf,subdomain_padding,4.0,2,precision,0.532067310941407
rf,subdomain_padding,4.0,2,recall,0.996708444106849
rf,subdomain_padding,4.0,2,f1,0.6937786394078251
rf,subdomain_padding,4.0,2,roc_auc,0.9926317696444898
rf,subdomain_padding,4.0,2,fpr,0.6776608759481282
rf,subdomain_padding,4.0,2,asr,0.0011629409484429512
rf,char_edit,0.1,2,accuracy,0.9642315016697486
rf,char_edit,0.1,2,precision,0.9318127679847547
rf,char_edit,0.1,2,recall,0.9904418280795038
rf,char_edit,0.1,2,f1,0.9602332003682111
rf,char_edit,0.1,2,roc_auc,0.9971923829266932
rf,char_edit,0.1,2,fpr,0.05603131881575728
rf,char_edit,0.1,2,asr,0.0002584313218762114
rf,char_edit,0.2,2,accuracy,0.9438357298595204
rf,char_edit,0.2,2,precision,0.8902183158491636
rf,char_edit,0.2,2,recall,0.9937333839726548
rf,char_edit,0.2,2,f1,0.9391319953339515
rf,char_edit,0.2,2,roc_auc,0.9969520552368811
rf,char_edit,0.2,2,fpr,0.09473941766576952
rf,char_edit,0.2,2,asr,6.460783046905285e-05
rf,char_edit,0.4,2,accuracy,0.853393315485883
rf,char_edit,0.4,2,precision,0.7498808502525974
rf,char_edit,0.4,2,recall,0.9959488542853526
rf,char_edit,0.4,2,f1,0.855573681348559
rf,char_edit,0.4,2,roc_auc,0.9965167593448645
rf,char_edit,0.4,2,fpr,0.25681428920968924
rf,char_edit,0.4,2,asr,0.0001292156609381057
rf,path_strip,1.0,2,accuracy,0.9909474788176524
rf,path_strip,1.0,2,precision,0.9994834043652331
rf,path_strip,1.0,2,recall,0.9797442714267629
rf,path_strip,1.0,2,f1,0.9895154072369262
rf,path_strip,1.0,2,roc_auc,0.9977777134512603
rf,path_strip,1.0,2,fpr,0.0003914851969659897
rf,path_strip,1.0,2,asr,0.0
rf,path_strip,2.0,2,accuracy,0.9556205668865398
rf,path_strip,2.0,2,precision,0.9994368576657751
rf,path_strip,2.0,2,recall,0.8987213571338144
rf,path_strip,2.0,2,f1,0.9464071457139048
rf,path_strip,2.0,2,roc_auc,0.990497322865602
rf,path_strip,2.0,2,fpr,0.0003914851969659897
rf,path_strip,2.0,2,asr,0.08269802300038764
rf,path_strip,3.0,2,accuracy,0.9215908150028979
rf,path_strip,3.0,2,precision,0.9993833346180528
rf,path_strip,3.0,2,recall,0.8206735029750601
rf,path_strip,3.0,2,f1,0.9012547356713357
rf,path_strip,3.0,2,roc_auc,0.9765084302482531
rf,path_strip,3.0,2,fpr,0.0003914851969659897
rf,path_strip,3.0,2,asr,0.16235947796872982
rf,control_path,1.0,2,accuracy,0.4360113708497778
rf,control_path,1.0,2,precision,0.4360113708497778
rf,control_path,1.0,2,recall,1.0
rf,control_path,1.0,2,f1,0.6072533681843516
rf,control_path,1.0,2,roc_auc,0.5751757128387438
rf,control_path,1.0,2,fpr,1.0
rf,control_path,1.0,2,asr,0.0
rf,control_path,3.0,2,accuracy,0.4360113708497778
rf,control_path,3.0,2,precision,0.4360113708497778
rf,control_path,3.0,2,recall,1.0
rf,control_path,3.0,2,f1,0.6072533681843516
rf,control_path,3.0,2,roc_auc,0.5047672284044342
rf,control_path,3.0,2,fpr,1.0
rf,control_path,3.0,2,asr,0.0
rf,control_path,6.0,2,accuracy,0.4360113708497778
rf,control_path,6.0,2,precision,0.4360113708497778
rf,control_path,6.0,2,recall,1.0
rf,control_path,6.0,2,f1,0.6072533681843516
rf,control_path,6.0,2,roc_auc,0.5065146040451426
rf,control_path,6.0,2,fpr,1.0
rf,control_path,6.0,2,asr,0.0
rf,control_subdomain,1.0,2,accuracy,0.9885187536223884
rf,control_subdomain,1.0,2,precision,0.9938358803133428
rf,control_subdomain,1.0,2,recall,0.9797442714267629
rf,control_subdomain,1.0,2,f1,0.9867397679459391
rf,control_subdomain,1.0,2,roc_auc,0.9958255378731975
rf,control_subdomain,1.0,2,fpr,0.004697822363591877
rf,control_subdomain,1.0,2,asr,0.0034888228453288537
rf,control_subdomain,2.0,2,accuracy,0.8660061270112881
rf,control_subdomain,2.0,2,precision,0.7696515696614262
rf,control_subdomain,2.0,2,recall,0.9885428535257628
rf,control_subdomain,2.0,2,f1,0.8654714733021143
rf,control_subdomain,2.0,2,roc_auc,0.9914954035089382
rf,control_subdomain,2.0,2,fpr,0.2287252263273795
rf,control_subdomain,2.0,2,asr,0.003036568032045484
rf,control_subdomain,4.0,2,accuracy,0.5900974249993101
rf,control_subdomain,4.0,2,precision,0.5154828150572831
rf,control_subdomain,4.0,2,recall,0.9968350424104317
rf,control_subdomain,4.0,2,f1,0.679554673340813
rf,control_subdomain,4.0,2,roc_auc,0.9916932307822025
rf,control_subdomain,4.0,2,fpr,0.7243454856863225
rf,control_subdomain,4.0,2,asr,0.001292156609381057
rf,control_char,0.1,2,accuracy,0.9914718626666299
rf,control_char,0.1,2,precision,0.9993552131020698
rf,control_char,0.1,2,recall,0.9810735536143815
rf,control_char,0.1,2,f1,0.9901300028747565
rf,control_char,0.1,2,roc_auc,0.9978734350264332
rf,control_char,0.1,2,fpr,0.0004893564962074871
rf,control_char,0.1,2,asr,0.0002584313218762114
rf,control_char,0.2,2,accuracy,0.991637457566307
rf,control_char,0.2,2,precision,0.9992267543011792
rf,control_char,0.2,2,recall,0.9815799468287125
rf,control_char,0.2,2,f1,0.9903247437494013
rf,control_char,0.2,2,roc_auc,0.997819941280318
rf,control_char,0.2,2,fpr,0.0005872277954489846
rf,control_char,0.2,2,asr,0.00032303915234526423
rf,control_char,0.4,2,accuracy,0.9919686473656611
rf,control_char,0.4,2,precision,0.997497593840231
rf,control_char,0.4,2,recall,0.9840486137485758
rf,control_char,0.4,2,f1,0.9907274639135838
rf,control_char,0.4,2,roc_auc,0.9979190423208495
rf,control_char,0.4,2,fpr,0.0019084903352092
rf,control_char,0.4,2,asr,0.0004522548132833699
xgb,clean,0.0,0,accuracy,0.9915270609665222
xgb,clean,0.0,0,precision,0.9998064141446732
xgb,clean,0.0,0,recall,0.9807570578554248
xgb,clean,0.0,0,f1,0.9901901262182458
xgb,clean,0.0,0,roc_auc,0.9986712862192496
xgb,clean,0.0,0,fpr,0.00014680694886224616
xgb,clean,0.0,0,asr,0.0
xgb,path_padding,1.0,0,accuracy,0.4360113708497778
xgb,path_padding,1.0,0,precision,0.4360113708497778
xgb,path_padding,1.0,0,recall,1.0
xgb,path_padding,1.0,0,f1,0.6072533681843516
xgb,path_padding,1.0,0,roc_auc,0.9853040200800335
xgb,path_padding,1.0,0,fpr,1.0
xgb,path_padding,1.0,0,asr,0.0
xgb,path_padding,3.0,0,accuracy,0.4360113708497778
xgb,path_padding,3.0,0,precision,0.4360113708497778
xgb,path_padding,3.0,0,recall,1.0
xgb,path_padding,3.0,0,f1,0.6072533681843516
xgb,path_padding,3.0,0,roc_auc,0.9827640033846694
xgb,path_padding,3.0,0,fpr,1.0
xgb,path_padding,3.0,0,asr,0.0
xgb,path_padding,6.0,0,accuracy,0.4360113708497778
xgb,path_padding,6.0,0,precision,0.4360113708497778
xgb,path_padding,6.0,0,recall,1.0
xgb,path_padding,6.0,0,f1,0.6072533681843516
xgb,path_padding,6.0,0,roc_auc,0.9685463494603216
xgb,path_padding,6.0,0,fpr,1.0
xgb,path_padding,6.0,0,asr,0.0
xgb,subdomain_padding,1.0,0,accuracy,0.9812601771865427
xgb,subdomain_padding,1.0,0,precision,0.9717905510828184
xgb,subdomain_padding,1.0,0,recall,0.9856310925433599
xgb,subdomain_padding,1.0,0,f1,0.9786618899468904
xgb,subdomain_padding,1.0,0,roc_auc,0.9962628828177666
xgb,subdomain_padding,1.0,0,fpr,0.02211891362857842
xgb,subdomain_padding,1.0,0,asr,0.0030334322963727896
xgb,subdomain_padding,2.0,0,accuracy,0.762233323213645
xgb,subdomain_padding,2.0,0,precision,0.6484765802637562
xgb,subdomain_padding,2.0,0,recall,0.992910494999367
xgb,subdomain_padding,2.0,0,f1,0.7845549803686198
xgb,subdomain_padding,2.0,0,roc_auc,0.992233195623992
xgb,subdomain_padding,2.0,0,fpr,0.41609982872522633
xgb,subdomain_padding,2.0,0,asr,0.00258164450755131
xgb,subdomain_padding,4.0,0,accuracy,0.5780365964728287
xgb,subdomain_padding,4.0,0,precision,0.508202004576364
xgb,subdomain_padding,4.0,0,recall,0.9981643245980504
xgb,subdomain_padding,4.0,0,f1,0.6735003310056165
xgb,subdomain_padding,4.0,0,roc_auc,0.9924079536321244
xgb,subdomain_padding,4.0,0,fpr,0.7467580132126254
xgb,subdomain_padding,4.0,0,asr,0.00045178778882147926
xgb,char_edit,0.1,0,accuracy,0.9848756658294925
xgb,char_edit,0.1,0,precision,0.9762648344784509
xgb,char_edit,0.1,0,recall,0.9893657424990505
xgb,char_edit,0.1,0,f1,0.982771629778672
xgb,char_edit,0.1,0,roc_auc,0.9980311036574953
xgb,char_edit,0.1,0,fpr,0.018595546855884514
xgb,char_edit,0.1,0,asr,0.000258164450755131
xgb,char_edit,0.2,0,accuracy,0.9772858995942925
xgb,char_edit,0.2,0,precision,0.9571960676558589
xgb,char_edit,0.2,0,recall,0.9922775034814534
xgb,char_edit,0.2,0,f1,0.9744211344211344
xgb,char_edit,0.2,0,roc_auc,0.9977801218236859
xgb,char_edit,0.2,0,fpr,0.03430389038414485
xgb,char_edit,0.2,0,asr,0.0001290822253775655
xgb,char_edit,0.4,0,accuracy,0.9416829961637182
xgb,char_edit,0.4,0,precision,0.8857754975474996
xgb,char_edit,0.4,0,recall,0.9944929737941511
xgb,char_edit,0.4,0,f1,0.9369912032205159
xgb,char_edit,0.4,0,roc_auc,0.9978271818855206
xgb,char_edit,0.4,0,fpr,0.0991436261316369
xgb,char_edit,0.4,0,asr,0.0001290822253775655
xgb,path_strip,1.0,0,accuracy,0.9915270609665222
xgb,path_strip,1.0,0,precision,0.9998064141446732
xgb,path_strip,1.0,0,recall,0.9807570578554248
xgb,path_strip,1.0,0,f1,0.9901901262182458
xgb,path_strip,1.0,0,roc_auc,0.9986712862192497
xgb,path_strip,1.0,0,fpr,0.00014680694886224616
xgb,path_strip,1.0,0,asr,0.0
xgb,path_strip,2.0,0,accuracy,0.9577457014323959
xgb,path_strip,2.0,0,precision,0.9997898129335109
xgb,path_strip,2.0,0,recall,0.9032788960627928
xgb,path_strip,2.0,0,f1,0.9490871603870839
xgb,path_strip,2.0,0,roc_auc,0.9953608133738112
xgb,path_strip,2.0,0,fpr,0.00014680694886224616
xgb,path_strip,2.0,0,asr,0.07899832193107009
xgb,path_strip,3.0,0,accuracy,0.9241575359478928
xgb,path_strip,3.0,0,precision,0.9997702205882353
xgb,path_strip,3.0,0,recall,0.8262438283327004
xgb,path_strip,3.0,0,f1,0.9047619047619048
xgb,path_strip,3.0,0,roc_auc,0.9828476536706553
xgb,path_strip,3.0,0,fpr,0.00014680694886224616
xgb,path_strip,3.0,0,asr,0.1575448560733187
xgb,control_path,1.0,0,accuracy,0.4360113708497778
xgb,control_path,1.0,0,precision,0.4360113708497778
xgb,control_path,1.0,0,recall,1.0
xgb,control_path,1.0,0,f1,0.6072533681843516
xgb,control_path,1.0,0,roc_auc,0.9862431939472691
xgb,control_path,1.0,0,fpr,1.0
xgb,control_path,1.0,0,asr,0.0
xgb,control_path,3.0,0,accuracy,0.4360113708497778
xgb,control_path,3.0,0,precision,0.4360113708497778
xgb,control_path,3.0,0,recall,1.0
xgb,control_path,3.0,0,f1,0.6072533681843516
xgb,control_path,3.0,0,roc_auc,0.9850146065077228
xgb,control_path,3.0,0,fpr,1.0
xgb,control_path,3.0,0,asr,0.0
xgb,control_path,6.0,0,accuracy,0.4360113708497778
xgb,control_path,6.0,0,precision,0.4360113708497778
xgb,control_path,6.0,0,recall,1.0
xgb,control_path,6.0,0,f1,0.6072533681843516
xgb,control_path,6.0,0,roc_auc,0.9719461132942374
xgb,control_path,6.0,0,fpr,1.0
xgb,control_path,6.0,0,asr,0.0
xgb,control_subdomain,1.0,0,accuracy,0.989981508569536
xgb,control_subdomain,1.0,0,precision,0.992658793488669
xgb,control_subdomain,1.0,0,recall,0.9843018103557413
xgb,control_subdomain,1.0,0,f1,0.988462638654928
xgb,control_subdomain,1.0,0,roc_auc,0.9969201470126284
xgb,control_subdomain,1.0,0,fpr,0.005627599706386102
xgb,control_subdomain,1.0,0,asr,0.0030334322963727896
xgb,control_subdomain,2.0,0,accuracy,0.8318383793779152
xgb,control_subdomain,2.0,0,precision,0.7246215803360644
xgb,control_subdomain,2.0,0,recall,0.9908849221420433
xgb,control_subdomain,2.0,0,f1,0.8370899173818882
xgb,control_subdomain,2.0,0,roc_auc,0.9933889479959755
xgb,control_subdomain,2.0,0,fpr,0.2911181795938341
xgb,control_subdomain,2.0,0,asr,0.002904350070995224
xgb,control_subdomain,4.0,0,accuracy,0.6568597687191234
xgb,control_subdomain,4.0,0,precision,0.5597415048112772
xgb,control_subdomain,4.0,0,recall,0.9978478288390935
xgb,control_subdomain,4.0,0,f1,0.71718113782671
xgb,control_subdomain,4.0,0,roc_auc,0.9940935742672206
xgb,control_subdomain,4.0,0,fpr,0.6067531196476633
xgb,control_subdomain,4.0,0,asr,0.0007099522395766103
xgb,control_char,0.1,0,accuracy,0.9919962465156074
xgb,control_char,0.1,0,precision,0.9996777935300941
xgb,control_char,0.1,0,recall,0.9819597417394607
xgb,control_char,0.1,0,f1,0.9907395580533912
xgb,control_char,0.1,0,roc_auc,0.9985852198168752
xgb,control_char,0.1,0,fpr,0.00024467824810374357
xgb,control_char,0.1,0,asr,0.00032270556344391377
xgb,control_char,0.2,0,accuracy,0.9927690227141004
xgb,control_char,0.2,0,precision,0.9994855967078189
xgb,control_char,0.2,0,recall,0.983922015444993
xgb,control_char,0.2,0,f1,0.9916427432216905
xgb,control_char,0.2,0,roc_auc,0.9986244290492399
xgb,control_char,0.2,0,fpr,0.0003914851969659897
xgb,control_char,0.2,0,asr,0.00045178778882147926
xgb,control_char,0.4,0,accuracy,0.9931002125134546
xgb,control_char,0.4,0,precision,0.998461143883047
xgb,control_char,0.4,0,recall,0.9856943916951513
xgb,control_char,0.4,0,f1,0.9920366949098554
xgb,control_char,0.4,0,roc_auc,0.9985537731328044
xgb,control_char,0.4,0,fpr,0.0011744555908979693
xgb,control_char,0.4,0,asr,0.00045178778882147926
xgb,clean,0.0,1,accuracy,0.9917754533160379
xgb,clean,0.0,1,precision,0.9998710010319918
xgb,clean,0.0,1,recall,0.9812634510697557
xgb,clean,0.0,1,f1,0.9904798415436713
xgb,clean,0.0,1,roc_auc,0.998705853720322
xgb,clean,0.0,1,fpr,9.787129924149742e-05
xgb,clean,0.0,1,asr,0.0
xgb,path_padding,1.0,1,accuracy,0.4360113708497778
xgb,path_padding,1.0,1,precision,0.4360113708497778
xgb,path_padding,1.0,1,recall,1.0
xgb,path_padding,1.0,1,f1,0.6072533681843516
xgb,path_padding,1.0,1,roc_auc,0.9871411203711353
xgb,path_padding,1.0,1,fpr,1.0
xgb,path_padding,1.0,1,asr,0.0
xgb,path_padding,3.0,1,accuracy,0.4360113708497778
xgb,path_padding,3.0,1,precision,0.4360113708497778
xgb,path_padding,3.0,1,recall,1.0
xgb,path_padding,3.0,1,f1,0.6072533681843516
xgb,path_padding,3.0,1,roc_auc,0.9821958381280079
xgb,path_padding,3.0,1,fpr,1.0
xgb,path_padding,3.0,1,asr,0.0
xgb,path_padding,6.0,1,accuracy,0.4360113708497778
xgb,path_padding,6.0,1,precision,0.4360113708497778
xgb,path_padding,6.0,1,recall,1.0
xgb,path_padding,6.0,1,f1,0.6072533681843516
xgb,path_padding,6.0,1,roc_auc,0.9675343560134488
xgb,path_padding,6.0,1,fpr,1.0
xgb,path_padding,6.0,1,asr,0.0
xgb,subdomain_padding,1.0,1,accuracy,0.9829161261833136
xgb,subdomain_padding,1.0,1,precision,0.9753241059685601
xgb,subdomain_padding,1.0,1,recall,0.9857576908469426
xgb,subdomain_padding,1.0,1,f1,0.9805131433968204
xgb,subdomain_padding,1.0,1,roc_auc,0.9963180817844866
xgb,subdomain_padding,1.0,1,fpr,0.019280645950574993
xgb,subdomain_padding,1.0,1,asr,0.002967359050445104
xgb,subdomain_padding,2.0,1,accuracy,0.7591974167195651
xgb,subdomain_padding,2.0,1,precision,0.6456008892914488
xgb,subdomain_padding,2.0,1,recall,0.9925939992404101
xgb,subdomain_padding,2.0,1,f1,0.782348392246863
xgb,subdomain_padding,2.0,1,roc_auc,0.9924046159841651
xgb,subdomain_padding,2.0,1,fpr,0.42123807193540497
xgb,subdomain_padding,2.0,1,asr,0.0025803122177783513
xgb,subdomain_padding,4.0,1,accuracy,0.5846327933099661
xgb,subdomain_padding,4.0,1,precision,0.5121499577675265
xgb,subdomain_padding,4.0,1,recall,0.9979111279908849
xgb,subdomain_padding,4.0,1,f1,0.6768999570631172
xgb,subdomain_padding,4.0,1,roc_auc,0.9930085691904336
xgb,subdomain_padding,4.0,1,fpr,0.7348666503547835
xgb,subdomain_padding,4.0,1,asr,0.00045155463811121145
xgb,char_edit,0.1,1,accuracy,0.9857864377777165
xgb,char_edit,0.1,1,precision,0.9779223215960973
xgb,char_edit,0.1,1,recall,0.9897455374097988
xgb,char_edit,0.1,1,f1,0.9837984081542769
xgb,char_edit,0.1,1,roc_auc,0.9980844053533333
xgb,char_edit,0.1,1,fpr,0.017274284316124298
xgb,char_edit,0.1,1,asr,0.0003225390272222939
xgb,char_edit,0.2,1,accuracy,0.9787762536913863
xgb,char_edit,0.2,1,precision,0.9599681704107241
xgb,char_edit,0.2,1,recall,0.9927205975439929
xgb,char_edit,0.2,1,f1,0.9760697059281158
xgb,char_edit,0.2,1,roc_auc,0.9978184714761817
xgb,char_edit,0.2,1,fpr,0.03200391485196966
xgb,char_edit,0.2,1,asr,0.0002580312217778351
xgb,char_edit,0.4,1,accuracy,0.9513150994949355
xgb,char_edit,0.4,1,precision,0.9037399309551208
xgb,char_edit,0.4,1,recall,0.9942397771869856
xgb,char_edit,0.4,1,f1,0.9468322382301525
xgb,char_edit,0.4,1,roc_auc,0.9979816507111605
xgb,char_edit,0.4,1,fpr,0.0818693418155126
xgb,char_edit,0.4,1,asr,0.0002580312217778351
xgb,path_strip,1.0,1,accuracy,0.9917754533160379
xgb,path_strip,1.0,1,precision,0.9998710010319918
xgb,path_strip,1.0,1,recall,0.9812634510697557
xgb,path_strip,1.0,1,f1,0.9904798415436713
xgb,path_strip,1.0,1,roc_auc,0.9987058537203221
xgb,path_strip,1.0,1,fpr,9.787129924149742e-05
xgb,path_strip,1.0,1,asr,0.0
xgb,path_strip,2.0,1,accuracy,0.9590704606298126
xgb,path_strip,2.0,1,precision,0.9998603254417208
xgb,path_strip,2.0,1,recall,0.906253956196987
xgb,path_strip,2.0,1,f1,0.9507587077066109
xgb,path_strip,2.0,1,roc_auc,0.995566479086205
xgb,path_strip,2.0,1,fpr,9.787129924149742e-05
xgb,path_strip,2.0,1,asr,0.07644174945168365
xgb,path_strip,3.0,1,accuracy,0.9256754891949328
xgb,path_strip,3.0,1,precision,0.9998474330612557
xgb,path_strip,3.0,1,recall,0.8296619825294341
xgb,path_strip,3.0,1,f1,0.906839173902515
xgb,path_strip,3.0,1,roc_auc,0.9830851857899027
xgb,path_strip,3.0,1,fpr,9.787129924149742e-05
xgb,path_strip,3.0,1,asr,0.15449619403947878
xgb,control_path,1.0,1,accuracy,0.4360113708497778
xgb,control_path,1.0,1,precision,0.4360113708497778
xgb,control_path,1.0,1,recall,1.0
xgb,control_path,1.0,1,f1,0.6072533681843516
xgb,control_path,1.0,1,roc_auc,0.9877515196520248
xgb,control_path,1.0,1,fpr,1.0
xgb,control_path,1.0,1,asr,0.0
xgb,control_path,3.0,1,accuracy,0.4360113708497778
xgb,control_path,3.0,1,precision,0.4360113708497778
xgb,control_path,3.0,1,recall,1.0
xgb,control_path,3.0,1,f1,0.6072533681843516
xgb,control_path,3.0,1,roc_auc,0.984805807587987
xgb,control_path,3.0,1,fpr,1.0
xgb,control_path,3.0,1,asr,0.0
xgb,control_path,6.0,1,accuracy,0.4360113708497778
xgb,control_path,6.0,1,precision,0.4360113708497778
xgb,control_path,6.0,1,recall,1.0
xgb,control_path,6.0,1,f1,0.6072533681843516
xgb,control_path,6.0,1,roc_auc,0.9718045133859508
xgb,control_path,6.0,1,fpr,1.0
xgb,control_path,6.0,1,asr,0.0
xgb,control_subdomain,1.0,1,accuracy,0.9909750779675986
xgb,control_subdomain,1.0,1,precision,0.9948186528497409
xgb,control_subdomain,1.0,1,recall,0.984428408659324
xgb,control_subdomain,1.0,1,f1,0.9895962584709364
xgb,control_subdomain,1.0,1,roc_auc,0.9969640134642113
xgb,control_subdomain,1.0,1,fpr,0.003963787619280646
xgb,control_subdomain,1.0,1,asr,0.002902851245000645
xgb,control_subdomain,2.0,1,accuracy,0.8232550437446526
xgb,control_subdomain,2.0,1,precision,0.7142010215249909
xgb,control_subdomain,2.0,1,recall,0.9913280162045829
xgb,control_subdomain,2.0,1,f1,0.8302496951704395
xgb,control_subdomain,2.0,1,roc_auc,0.9933714419937074
xgb,control_subdomain,2.0,1,fpr,0.3066797161732322
xgb,control_subdomain,2.0,1,asr,0.0027738356341117276
xgb,control_subdomain,4.0,1,accuracy,0.6251759445809069
xgb,control_subdomain,4.0,1,precision,0.5378082472117057
xgb,control_subdomain,4.0,1,recall,0.998101025446259
xgb,control_subdomain,4.0,1,f1,0.698982645122681
xgb,control_subdomain,4.0,1,roc_auc,0.9943707972933178
xgb,control_subdomain,4.0,1,fpr,0.6631269880107659
xgb,control_subdomain,4.0,1,asr,0.0006450780544445878
xgb,control_char,0.1,1,accuracy,0.9922446388651229
xgb,control_char,0.1,1,precision,0.9997423510466988
xgb,control_char,0.1,1,recall,0.9824661349537916
xgb,control_char,0.1,1,f1,0.9910289563579479
xgb,control_char,0.1,1,roc_auc,0.9986609588704816
xgb,control_char,0.1,1,fpr,0.00019574259848299485
xgb,control_char,0.1,1,asr,0.0002580312217778351
xgb,control_char,0.2,1,accuracy,0.9928518201639389
xgb,control_char,0.2,1,precision,0.9995499260592812
xgb,control_char,0.2,1,recall,0.9840486137485758
xgb,control_char,0.2,1,f1,0.9917387005199196
xgb,control_char,0.2,1,roc_auc,0.9986583692893269
xgb,control_char,0.2,1,fpr,0.000342549547345241
xgb,control_char,0.2,1,asr,0.00045155463811121145
xgb,control_char,0.4,1,accuracy,0.9932382082631855
xgb,control_char,0.4,1,precision,0.9983977440235852
xgb,control_char,0.4,1,recall,0.9860741866058995
xgb,control_char,0.4,1,f1,0.9921977007101684
xgb,control_char,0.4,1,roc_auc,0.9985578480060209
xgb,control_char,0.4,1,fpr,0.001223391240518718
xgb,control_char,0.4,1,asr,0.0005160624435556702
xgb,clean,0.0,2,accuracy,0.9915270609665222
xgb,clean,0.0,2,precision,0.9998064141446732
xgb,clean,0.0,2,recall,0.9807570578554248
xgb,clean,0.0,2,f1,0.9901901262182458
xgb,clean,0.0,2,roc_auc,0.9986966740268386
xgb,clean,0.0,2,fpr,0.00014680694886224616
xgb,clean,0.0,2,asr,0.0
xgb,path_padding,1.0,2,accuracy,0.4360113708497778
xgb,path_padding,1.0,2,precision,0.4360113708497778
xgb,path_padding,1.0,2,recall,1.0
xgb,path_padding,1.0,2,f1,0.6072533681843516
xgb,path_padding,1.0,2,roc_auc,0.9834169572898459
xgb,path_padding,1.0,2,fpr,1.0
xgb,path_padding,1.0,2,asr,0.0
xgb,path_padding,3.0,2,accuracy,0.4360113708497778
xgb,path_padding,3.0,2,precision,0.4360113708497778
xgb,path_padding,3.0,2,recall,1.0
xgb,path_padding,3.0,2,f1,0.6072533681843516
xgb,path_padding,3.0,2,roc_auc,0.9830649415223944
xgb,path_padding,3.0,2,fpr,1.0
xgb,path_padding,3.0,2,asr,0.0
xgb,path_padding,6.0,2,accuracy,0.4360113708497778
xgb,path_padding,6.0,2,precision,0.4360113708497778
xgb,path_padding,6.0,2,recall,1.0
xgb,path_padding,6.0,2,f1,0.6072533681843516
xgb,path_padding,6.0,2,roc_auc,0.9736491485528408
xgb,path_padding,6.0,2,fpr,1.0
xgb,path_padding,6.0,2,asr,0.0
xgb,subdomain_padding,1.0,2,accuracy,0.98084618993735
xgb,subdomain_padding,1.0,2,precision,0.9705295950155763
xgb,subdomain_padding,1.0,2,recall,0.9860108874541081
xgb,subdomain_padding,1.0,2,f1,0.9782089927153982
xgb,subdomain_padding,1.0,2,roc_auc,0.996327002829613
xgb,subdomain_padding,1.0,2,fpr,0.02314656227061414
xgb,subdomain_padding,1.0,2,asr,0.002968891183684007
xgb,subdomain_padding,2.0,2,accuracy,0.7446526646979273
xgb,subdomain_padding,2.0,2,precision,0.6317951195941048
xgb,subdomain_padding,2.0,2,recall,0.9931636916065325
xgb,subdomain_padding,2.0,2,f1,0.7722976963969286
xgb,subdomain_padding,2.0,2,roc_auc,0.992226064983061
xgb,subdomain_padding,2.0,2,fpr,0.44746758013212623
xgb,subdomain_padding,2.0,2,asr,0.00258164450755131
xgb,subdomain_padding,4.0,2,accuracy,0.56183589545442
xgb,subdomain_padding,4.0,2,precision,0.4987665253969258
xgb,subdomain_padding,4.0,2,recall,0.9982276237498418
xgb,subdomain_padding,4.0,2,f1,0.6651763117934875
xgb,subdomain_padding,4.0,2,roc_auc,0.9920114333105566
xgb,subdomain_padding,4.0,2,fpr,0.7755321751896257
xgb,subdomain_padding,4.0,2,asr,0.00038724667613269654
xgb,char_edit,0.1,2,accuracy,0.9845444760301383
xgb,char_edit,0.1,2,precision,0.975
xgb,char_edit,0.1,2,recall,0.9899354348651728
xgb,char_edit,0.1,2,f1,0.9824109554620265
xgb,char_edit,0.1,2,roc_auc,0.9980537082848601
xgb,char_edit,0.1,2,fpr,0.019623195497920236
xgb,char_edit,0.1,2,asr,0.00019362333806634827
xgb,char_edit,0.2,2,accuracy,0.9786934562415478
xgb,char_edit,0.2,2,precision,0.9601862060516967
xgb,char_edit,0.2,2,recall,0.9922775034814534
xgb,char_edit,0.2,2,f1,0.9759681235213548
xgb,char_edit,0.2,2,roc_auc,0.997812874139882
xgb,char_edit,0.2,2,fpr,0.031808172253486665
xgb,char_edit,0.2,2,asr,0.00032270556344391377
xgb,char_edit,0.4,2,accuracy,0.952750255292137
xgb,char_edit,0.4,2,precision,0.9066397228637414
xgb,char_edit,0.4,2,recall,0.9939865805798203
xgb,char_edit,0.4,2,f1,0.9483060571290537
xgb,char_edit,0.4,2,roc_auc,0.9980376364644994
xgb,char_edit,0.4,2,fpr,0.07912894543675067
xgb,char_edit,0.4,2,asr,0.00019362333806634827
xgb,path_strip,1.0,2,accuracy,0.9915270609665222
xgb,path_strip,1.0,2,precision,0.9998064141446732
xgb,path_strip,1.0,2,recall,0.9807570578554248
xgb,path_strip,1.0,2,f1,0.9901901262182458
xgb,path_strip,1.0,2,roc_auc,0.9986966740268387
xgb,path_strip,1.0,2,fpr,0.00014680694886224616
xgb,path_strip,1.0,2,asr,0.0
xgb,path_strip,2.0,2,accuracy,0.9588496674302431
xgb,path_strip,2.0,2,precision,0.9997904003353595
xgb,path_strip,2.0,2,recall,0.9058108621344474
xgb,path_strip,2.0,2,f1,0.9504832121151738
xgb,path_strip,2.0,2,roc_auc,0.9956121080637171
xgb,path_strip,2.0,2,fpr,0.00014680694886224616
xgb,path_strip,2.0,2,asr,0.07641667742351878
xgb,path_strip,3.0,2,accuracy,0.9253167002456324
xgb,path_strip,3.0,2,precision,0.9997709573980761
xgb,path_strip,3.0,2,recall,0.8289023927079378
xgb,path_strip,3.0,2,f1,0.9063538205980066
xgb,path_strip,3.0,2,roc_auc,0.9833229920454324
xgb,path_strip,3.0,2,fpr,0.00014680694886224616
xgb,path_strip,3.0,2,asr,0.15483412934038981
xgb,control_path,1.0,2,accuracy,0.4360113708497778
xgb,control_path,1.0,2,precision,0.4360113708497778
xgb,control_path,1.0,2,recall,1.0
xgb,control_path,1.0,2,f1,0.6072533681843516
xgb,control_path,1.0,2,roc_auc,0.9842116768241129
xgb,control_path,1.0,2,fpr,1.0
xgb,control_path,1.0,2,asr,0.0
xgb,control_path,3.0,2,accuracy,0.4360113708497778
xgb,control_path,3.0,2,precision,0.4360113708497778
xgb,control_path,3.0,2,recall,1.0
xgb,control_path,3.0,2,f1,0.6072533681843516
xgb,control_path,3.0,2,roc_auc,0.9850534223467782
xgb,control_path,3.0,2,fpr,1.0
xgb,control_path,3.0,2,asr,0.0
xgb,control_path,6.0,2,accuracy,0.4360113708497778
xgb,control_path,6.0,2,precision,0.4360113708497778
xgb,control_path,6.0,2,recall,1.0
xgb,control_path,6.0,2,f1,0.6072533681843516
xgb,control_path,6.0,2,roc_auc,0.9747708383301255
xgb,control_path,6.0,2,fpr,1.0
xgb,control_path,6.0,2,asr,0.0
xgb,control_subdomain,1.0,2,accuracy,0.9903678966687826
xgb,control_subdomain,1.0,2,precision,0.9932945909700491
xgb,control_subdomain,1.0,2,recall,0.9845550069629067
xgb,control_subdomain,1.0,2,f1,0.9889054900340147
xgb,control_subdomain,1.0,2,roc_auc,0.996975742470243
xgb,control_subdomain,1.0,2,fpr,0.005138243210178615
xgb,control_subdomain,1.0,2,asr,0.0030334322963727896
xgb,control_subdomain,2.0,2,accuracy,0.8027764744845859
xgb,control_subdomain,2.0,2,precision,0.6908248786943096
xgb,control_subdomain,2.0,2,recall,0.9913280162045829
xgb,control_subdomain,2.0,2,f1,0.8142352084849745
xgb,control_subdomain,2.0,2,roc_auc,0.9929858453060418
xgb,control_subdomain,2.0,2,fpr,0.34298996819182775
xgb,control_subdomain,2.0,2,asr,0.002904350070995224
xgb,control_subdomain,4.0,2,accuracy,0.6322689261170756
xgb,control_subdomain,4.0,2,precision,0.5425524595803234
xgb,control_subdomain,4.0,2,recall,0.9983542220534245
xgb,control_subdomain,4.0,2,f1,0.703040028528127
xgb,control_subdomain,4.0,2,roc_auc,0.9930238464802124
xgb,control_subdomain,4.0,2,fpr,0.6507462686567164
xgb,control_subdomain,4.0,2,asr,0.0005808700141990448
xgb,control_char,0.1,2,accuracy,0.9920514448154997
xgb,control_char,0.1,2,precision,0.9996778350515464
xgb,control_char,0.1,2,recall,0.9820863400430434
xgb,control_char,0.1,2,f1,0.9908040104732103
xgb,control_char,0.1,2,roc_auc,0.9986033948975277
xgb,control_char,0.1,2,fpr,0.00024467824810374357
xgb,control_char,0.1,2,asr,0.00032270556344391377
xgb,control_char,0.2,2,accuracy,0.9928518201639389
xgb,control_char,0.2,2,precision,0.9996141727220115
xgb,control_char,0.2,2,recall,0.9839853145967844
xgb,control_char,0.2,2,f1,0.9917381734664582
xgb,control_char,0.2,2,roc_auc,0.9986372886738379
xgb,control_char,0.2,2,fpr,0.0002936138977244923
xgb,control_char,0.2,2,asr,0.00045178778882147926
xgb,control_char,0.4,2,accuracy,0.9931002125134546
xgb,control_char,0.4,2,precision,0.9983333333333333
xgb,control_char,0.4,2,recall,0.985820989998734
xgb,control_char,0.4,2,f1,0.9920377094082425
xgb,control_char,0.4,2,roc_auc,0.9985062747626763
xgb,control_char,0.4,2,fpr,0.0012723268901394665
xgb,control_char,0.4,2,asr,0.0006454111268878275
