model,family,severity,metric,mean,std,n_seeds
lr,char_edit,0.1,accuracy,0.9895675213203431,0.0,3
lr,char_edit,0.1,asr,6.511688480823077e-05,0.0,3
lr,char_edit,0.1,f1,0.9879402756508423,0.0,3
lr,char_edit,0.1,fpr,0.0030829459261070996,0.0,3
lr,char_edit,0.1,precision,0.9959475106136629,0.0,3
lr,char_edit,0.1,recall,0.9800607671857197,0.0,3
lr,char_edit,0.1,roc_auc,0.9959938931729008,0.0,3
lr,char_edit,0.2,accuracy,0.9757679463472524,0.0,3
lr,char_edit,0.2,asr,0.0,0.0,3
lr,char_edit,0.2,f1,0.9726223885251012,0.0,3
lr,char_edit,0.2,fpr,0.0330804991436261,0.0,3
lr,char_edit,0.2,precision,0.958456243854474,0.0,3
lr,char_edit,0.2,recall,0.987213571338144,0.0,3
lr,char_edit,0.2,roc_auc,0.9958765101850302,0.0,3
lr,char_edit,0.4,accuracy,0.7784892225319459,0.0,3
lr,char_edit,0.4,asr,0.0,0.0,3
lr,char_edit,0.4,f1,0.7967483792544571,0.0,3
lr,char_edit,0.4,fpr,0.389478835331539,0.0,3
lr,char_edit,0.4,precision,0.6640354579991558,0.0,3
lr,char_edit,0.4,recall,0.9957589568299784,0.0,3
lr,char_edit,0.4,roc_auc,0.9956162185591628,0.0,3
lr,clean,0.0,accuracy,0.9877183782739491,0.0,3
lr,clean,0.0,asr,0.0,0.0,3
lr,clean,0.0,f1,0.9857184120157901,0.0,3
lr,clean,0.0,fpr,0.0001957425984829,0.0,3
lr,clean,0.0,precision,0.9997396002864396,0.0,3
lr,clean,0.0,recall,0.9720850740600074,0.0,3
lr,clean,0.0,roc_auc,0.996364070081872,0.0,3
lr,control_char,0.1,accuracy,0.988159964673088,0.0,3
lr,control_char,0.1,asr,0.0002604675392329,0.0,3
lr,control_char,0.1,f1,0.9862398563043268,0.0,3
lr,control_char,0.1,fpr,0.0002446782481037,0.0,3
lr,control_char,0.1,precision,0.999674881331686,0.0,3
lr,control_char,0.1,recall,0.9731611596404607,0.0,3
lr,control_char,0.1,roc_auc,0.996226656559866,0.0,3
lr,control_char,0.2,accuracy,0.9884911544724423,0.0,3
lr,control_char,0.2,asr,0.0005209350784658,0.0,3
lr,control_char,0.2,f1,0.9866299015678605,0.0,3
lr,control_char,0.2,fpr,0.0002446782481037,0.0,3
lr,control_char,0.2,precision,0.99967513481905,0.0,3
lr,control_char,0.2,recall,0.9739207494619572,0.0,3
lr,control_char,0.2,roc_auc,0.9961905542053696,0.0,3
lr,control_char,0.4,accuracy,0.9891811332210968,0.0,3
lr,control_char,0.4,asr,0.00045581819365759997,0.0,3
lr,control_char,0.4,f1,0.9874479666986872,0.0,3
lr,control_char,0.4,fpr,0.0006361634450697,0.0,3
lr,control_char,0.4,precision,0.9991575946086056,0.0,3
lr,control_char,0.4,recall,0.9760096214710724,0.0,3
lr,control_char,0.4,roc_auc,0.9962394170617404,0.0,3
lr,control_path,1.0,accuracy,0.43601137084977787,0.0,3
lr,control_path,1.0,asr,0.0,0.0,3
lr,control_path,1.0,f1,0.6072533681843516,0.0,3
lr,control_path,1.0,fpr,1.0,0.0,3
lr,control_path,1.0,precision,0.43601137084977787,0.0,3
lr,control_path,1.0,recall,1.0,0.0,3
lr,control_path,1.0,roc_auc,0.9847076497621224,0.0,3
lr,control_path,3.0,accuracy,0.43601137084977787,0.0,3
lr,control_path,3.0,asr,0.0,0.0,3
lr,control_path,3.0,f1,0.6072533681843516,0.0,3
lr,control_path,3.0,fpr,1.0,0.0,3
lr,control_path,3.0,precision,0.43601137084977787,0.0,3
lr,control_path,3.0,recall,1.0,0.0,3
lr,control_path,3.0,roc_auc,0.9838683885027182,0.0,3
lr,control_path,6.0,accuracy,0.43601137084977787,0.0,3
lr,control_path,6.0,asr,0.0,0.0,3
lr,control_path,6.0,f1,0.6072533681843516,0.0,3
lr,control_path,6.0,fpr,1.0,0.0,3
lr,control_path,6.0,precision,0.43601137084977787,0.0,3
lr,control_path,6.0,recall,1.0,0.0,3
lr,control_path,6.0,roc_auc,0.5,0.0,3
lr,control_subdomain,1.0,accuracy,0.9875251842243259,0.0,3
lr,control_subdomain,1.0,asr,0.0009767532721234,0.0,3
lr,control_subdomain,1.0,f1,0.985489566613162,0.0,3
lr,control_subdomain,1.0,fpr,0.0001468069488622,0.0,3
lr,control_subdomain,1.0,precision,0.99980458572173,0.0,3
lr,control_subdomain,1.0,recall,0.9715786808456768,0.0,3
lr,control_subdomain,1.0,roc_auc,0.9960311911952506,0.0,3
lr,control_subdomain,2.0,accuracy,0.9874975850743796,0.0,3
lr,control_subdomain,2.0,asr,0.0012372208113563,0.0,3
lr,control_subdomain,2.0,f1,0.9854579307245354,0.0,3
lr,control_subdomain,2.0,fpr,0.0001957425984829,0.0,3
lr,control_subdomain,2.0,precision,0.9997394645997524,0.0,3
lr,control_subdomain,2.0,recall,0.9715786808456768,0.0,3
lr,control_subdomain,2.0,roc_auc,0.9958623247940036,0.0,3
lr,control_subdomain,4.0,accuracy,0.9870283995252946,0.0,3
lr,control_subdomain,4.0,asr,0.0023442078530963,0.0,3
lr,control_subdomain,4.0,f1,0.9849000835314529,0.0,3
lr,control_subdomain,4.0,fpr,0.0,0.0,3
lr,control_subdomain,4.0,precision,1.0,0.0,3
lr,control_subdomain,4.0,recall,0.970249398658058,0.0,3
lr,control_subdomain,4.0,roc_auc,0.995421358772437,0.0,3
lr,path_padding,1.0,accuracy,0.43601137084977787,0.0,3
lr,path_padding,1.0,asr,0.0,0.0,3
lr,path_padding,1.0,f1,0.6072533681843516,0.0,3
lr,path_padding,1.0,fpr,1.0,0.0,3
lr,path_padding,1.0,precision,0.43601137084977787,0.0,3
lr,path_padding,1.0,recall,1.0,0.0,3
lr,path_padding,1.0,roc_auc,0.9817611044476892,0.0,3
lr,path_padding,3.0,accuracy,0.43601137084977787,0.0,3
lr,path_padding,3.0,asr,0.0,0.0,3
lr,path_padding,3.0,f1,0.6072533681843516,0.0,3
lr,path_padding,3.0,fpr,1.0,0.0,3
lr,path_padding,3.0,precision,0.43601137084977787,0.0,3
lr,path_padding,3.0,recall,1.0,0.0,3
lr,path_padding,3.0,roc_auc,0.9761091375880088,0.0,3
lr,path_padding,6.0,accuracy,0.43601137084977787,0.0,3
lr,path_padding,6.0,asr,0.0,0.0,3
lr,path_padding,6.0,f1,0.6072533681843516,0.0,3
lr,path_padding,6.0,fpr,1.0,0.0,3
lr,path_padding,6.0,precision,0.43601137084977787,0.0,3
lr,path_padding,6.0,recall,1.0,0.0,3
lr,path_padding,6.0,roc_auc,0.5,0.0,3
lr,path_strip,1.0,accuracy,0.9877183782739491,0.0,3
lr,path_strip,1.0,asr,0.0,0.0,3
lr,path_strip,1.0,f1,0.9857184120157901,0.0,3
lr,path_strip,1.0,fpr,0.0001957425984829,0.0,3
lr,path_strip,1.0,precision,0.9997396002864396,0.0,3
lr,path_strip,1.0,recall,0.9720850740600074,0.0,3
lr,path_strip,1.0,roc_auc,0.996364070081872,0.0,3
lr,path_strip,2.0,accuracy,0.9332928545800788,0.0,3
lr,path_strip,2.0,asr,0.1284104968418311,0.0,3
lr,path_strip,2.0,f1,0.9171891595573372,0.0,3
lr,path_strip,2.0,fpr,0.0001957425984829,0.0,3
lr,path_strip,2.0,precision,0.9997012472925536,0.0,3
lr,path_strip,2.0,recall,0.8472591467274339,0.0,3
lr,path_strip,2.0,roc_auc,0.9834934103368212,0.0,3
lr,path_strip,3.0,accuracy,0.8727403195981563,0.0,3
lr,path_strip,3.0,asr,0.2712769421110894,0.0,3
lr,path_strip,3.0,f1,0.8291779350201903,0.0,3
lr,path_strip,3.0,fpr,0.0001957425984829,0.0,3
lr,path_strip,3.0,precision,0.9996426976328717,0.0,3
lr,path_strip,3.0,recall,0.7083808076971768,0.0,3
lr,path_strip,3.0,roc_auc,0.949647706998681,0.0,3
lr,subdomain_padding,1.0,accuracy,0.9869732012254021,0.0,3
lr,subdomain_padding,1.0,asr,0.0011721039265481,0.0,3
lr,subdomain_padding,1.0,f1,0.9848853592929422,0.0,3
lr,subdomain_padding,1.0,fpr,0.0025446537802789,0.0,3
lr,subdomain_padding,1.0,precision,0.9966299416720674,0.0,3
lr,subdomain_padding,1.0,recall,0.9734143562476264,0.0,3
lr,subdomain_padding,1.0,roc_auc,0.9943415282115816,0.0,3
lr,subdomain_padding,2.0,accuracy,0.9812877763364888,0.0,3
lr,subdomain_padding,2.0,asr,0.0013674545809728,0.0,3
lr,subdomain_padding,2.0,f1,0.9784611474680728,0.0,3
lr,subdomain_padding,2.0,fpr,0.0137019818938096,0.0,3
lr,subdomain_padding,2.0,precision,0.9821428571428572,0.0,3
lr,subdomain_padding,2.0,recall,0.9748069375870364,0.0,3
lr,subdomain_padding,2.0,roc_auc,0.993045239951798,0.0,3
lr,subdomain_padding,4.0,accuracy,0.9712692849060248,0.0,3
lr,subdomain_padding,4.0,asr,0.0011069870417399,0.0,3
lr,subdomain_padding,4.0,f1,0.967400494785958,0.0,3
lr,subdomain_padding,4.0,fpr,0.0337166625886958,0.0,3
lr,subdomain_padding,4.0,precision,0.9572977998140688,0.0,3
lr,subdomain_padding,4.0,recall,0.9777186985694392,0.0,3
lr,subdomain_padding,4.0,roc_auc,0.9921622206562896,0.0,3
mlp,char_edit,0.1,accuracy,0.9868904037755638,0.0012623405874235291,3
mlp,char_edit,0.1,asr,0.00017236845771953336,7.456174697577444e-05,3
mlp,char_edit,0.1,f1,0.9850188218314925,0.0014083814211638187,3
mlp,char_edit,0.1,fpr,0.014207650273223967,0.002987213124230925,3
mlp,char_edit,0.1,precision,0.9817562846292199,0.0037596715299114494,3
mlp,char_edit,0.1,recall,0.9883107566358612,0.0009689802509351788,3
mlp,char_edit,0.1,roc_auc,0.9972234042090751,0.00022361997915333043,3
mlp,char_edit,0.2,accuracy,0.9622075640070286,0.008883511446030707,3
mlp,char_edit,0.2,asr,0.00012924777360554375,6.455139039377641e-05,3
mlp,char_edit,0.2,f1,0.9582484358765937,0.009384477513609305,3
mlp,char_edit,0.2,fpr,0.06165891852214333,0.01612323834686512,3
mlp,char_edit,0.2,precision,0.9258953310955503,0.017911195964503288,3
mlp,char_edit,0.2,recall,0.9930792927374773,0.00048345525751735996,3
mlp,char_edit,0.2,roc_auc,0.9973333994564503,0.00018822481610738978,3
mlp,char_edit,0.4,accuracy,0.8453803622848417,0.05433575475711892,3
mlp,char_edit,0.4,asr,2.1538726630481607e-05,3.730616885433095e-05,3
mlp,char_edit,0.4,f1,0.8505155569107874,0.04398574039411684,3
mlp,char_edit,0.4,fpr,0.2713644890302585,0.09724731763761045,3
mlp,char_edit,0.4,precision,0.7436679485111091,0.06657788413719756,3
mlp,char_edit,0.4,recall,0.9963919483478921,0.0011723166968889394,3
mlp,char_edit,0.4,roc_auc,0.9971265700845824,0.00025224480316783307,3
mlp,clean,0.0,accuracy,0.9906438881682443,0.0006269321718654305,3
mlp,clean,0.0,asr,0.0,0.0,3
mlp,clean,0.0,f1,0.9891610547883901,0.0007333630123280908,3
mlp,clean,0.0,fpr,0.0004893564962074334,0.0001294715591418778,3
mlp,clean,0.0,precision,0.9993539097155549,0.00017125497190751128,3
mlp,clean,0.0,recall,0.9791745790606406,0.0013531813094336367,3
mlp,clean,0.0,roc_auc,0.997930244737412,0.00012246600136843374,3
mlp,control_char,0.1,accuracy,0.9907818839179754,0.0005736375594300225,3
mlp,control_char,0.1,asr,0.00021547523331833331,3.7230875093587865e-05,3
mlp,control_char,0.1,f1,0.9893296321880034,0.0006670619825253235,3
mlp,control_char,0.1,fpr,0.0009787129924149333,0.00030560303393191706,3
mlp,control_char,0.1,precision,0.9987098768440434,0.0004035751476346675,3
mlp,control_char,0.1,recall,0.9801240663375111,0.0009367419032122884,3
mlp,control_char,0.1,roc_auc,0.9978458980110395,3.90026335724802e-05,3
mlp,control_char,0.2,accuracy,0.9906806870348394,0.00046209692287413676,3
mlp,control_char,0.2,asr,0.00047405724223563336,3.7133258758824966e-05,3
mlp,control_char,0.2,f1,0.9892222398667455,0.0005384965029017571,3
mlp,control_char,0.2,fpr,0.0017616833863469334,0.0001764399939057817,3
mlp,control_char,0.2,precision,0.9976822047909745,0.00023291131822227279,3
mlp,control_char,0.2,recall,0.9809047558762712,0.0009092484882649267,3
mlp,control_char,0.2,roc_auc,0.9978597726110264,6.904741379571395e-05,3
mlp,control_char,0.4,accuracy,0.9902483003523491,0.0005934352081571723,3
mlp,control_char,0.4,asr,0.0005602414710954,7.441234572340558e-05,3
mlp,control_char,0.4,f1,0.988754365611495,0.00068187070760324,3
mlp,control_char,0.4,fpr,0.004322649049832767,0.0007080184133173898,3
mlp,control_char,0.4,precision,0.9943456560475213,0.0009229791536698428,3
mlp,control_char,0.4,recall,0.9832257247752879,0.0005181258875727228,3
mlp,control_char,0.4,roc_auc,0.9978749296112502,7.38694742390341e-05,3
mlp,control_path,1.0,accuracy,0.43601137084977787,0.0,3
mlp,control_path,1.0,asr,0.0,0.0,3
mlp,control_path,1.0,f1,0.6072533681843516,0.0,3
mlp,control_path,1.0,fpr,1.0,0.0,3
mlp,control_path,1.0,precision,0.43601137084977787,0.0,3
mlp,control_path,1.0,recall,1.0,0.0,3
mlp,control_path,1.0,roc_auc,0.9231441657722649,0.023586951028984712,3
mlp,control_path,3.0,accuracy,0.43601137084977787,0.0,3
mlp,control_path,3.0,asr,0.0,0.0,3
mlp,control_path,3.0,f1,0.6072533681843516,0.0,3
mlp,control_path,3.0,fpr,1.0,0.0,3
mlp,control_path,3.0,precision,0.43601137084977787,0.0,3
mlp,control_path,3.0,recall,1.0,0.0,3
mlp,control_path,3.0,roc_auc,0.623433566437971,0.1953741144759646,3
mlp,control_path,6.0,accuracy,0.43601137084977787,0.0,3
mlp,control_path,6.0,asr,0.0,0.0,3
mlp,control_path,6.0,f1,0.6072533681843516,0.0,3
mlp,control_path,6.0,fpr,1.0,0.0,3
mlp,control_path,6.0,precision,0.43601137084977787,0.0,3
mlp,control_path,6.0,recall,1.0,0.0,3
mlp,control_path,6.0,roc_auc,0.4999683504241043,5.4818673489377124e-05,3
mlp,control_subdomain,1.0,accuracy,0.9866880100092916,0.0028115032477643857,3
mlp,control_subdomain,1.0,asr,0.0030167566472941005,3.331009367422781e-05,3
mlp,control_subdomain,1.0,f1,0.9847530723409746,0.0031315443955055437,3
mlp,control_subdomain,1.0,fpr,0.012184976755566367,0.006657227069509731,3
mlp,control_subdomain,1.0,precision,0.9843144241560617,0.008381177770137183,3
mlp,control_subdomain,1.0,recall,0.9852301979153478,0.002275543613298628,3
mlp,control_subdomain,1.0,roc_auc,0.9955483267211765,0.0002471568595490149,3
mlp,control_subdomain,2.0,accuracy,0.6922234795168309,0.04556589844700252,3
mlp,control_subdomain,2.0,asr,0.002758174638376867,3.365530938666785e-05,3
mlp,control_subdomain,2.0,f1,0.7388452969665655,0.02835107003830309,3
mlp,control_subdomain,2.0,fpr,0.5416360818856537,0.08110844901591828,3
mlp,control_subdomain,2.0,precision,0.5882255520577466,0.03588420011324284,3
mlp,control_subdomain,2.0,recall,0.9947250706840528,0.0004579173400475024,3
mlp,control_subdomain,2.0,roc_auc,0.9942357885298881,0.00031515941789325865,3
mlp,control_subdomain,4.0,accuracy,0.4365265549821065,0.0006474535482355078,3
mlp,control_subdomain,4.0,asr,0.0,0.0,3
mlp,control_subdomain,4.0,f1,0.6074713872840095,0.00027404267221557135,3
mlp,control_subdomain,4.0,fpr,0.9990865345404126,0.0011479904288337194,3
mlp,control_subdomain,4.0,precision,0.43623623484572205,0.00028266848377592863,3
mlp,control_subdomain,4.0,recall,1.0,0.0,3
mlp,control_subdomain,4.0,roc_auc,0.9932718659901253,0.0008871774295108393,3
mlp,path_padding,1.0,accuracy,0.43601137084977787,0.0,3
mlp,path_padding,1.0,asr,0.0,0.0,3
mlp,path_padding,1.0,f1,0.6072533681843516,0.0,3
mlp,path_padding,1.0,fpr,1.0,0.0,3
mlp,path_padding,1.0,precision,0.43601137084977787,0.0,3
mlp,path_padding,1.0,recall,1.0,0.0,3
mlp,path_padding,1.0,roc_auc,0.9257678487578049,0.023557599511961184,3
mlp,path_padding,3.0,accuracy,0.43601137084977787,0.0,3
mlp,path_padding,3.0,asr,0.0,0.0,3
mlp,path_padding,3.0,f1,0.6072533681843516,0.0,3
mlp,path_padding,3.0,fpr,1.0,0.0,3
mlp,path_padding,3.0,precision,0.43601137084977787,0.0,3
mlp,path_padding,3.0,recall,1.0,0.0,3
mlp,path_padding,3.0,roc_auc,0.6223955383044846,0.19278971878245643,3
mlp,path_padding,6.0,accuracy,0.43601137084977787,0.0,3
mlp,path_padding,6.0,asr,0.0,0.0,3
mlp,path_padding,6.0,f1,0.6072533681843516,0.0,3
mlp,path_padding,6.0,fpr,1.0,0.0,3
mlp,path_padding,6.0,precision,0.43601137084977787,0.0,3
mlp,path_padding,6.0,recall,1.0,0.0,3
mlp,path_padding,6.0,roc_auc,0.4999578005654724,7.309156465248146e-05,3
mlp,path_strip,1.0,accuracy,0.9906438881682443,0.0006269321718654305,3
mlp,path_strip,1.0,asr,0.0,0.0,3
mlp,path_strip,1.0,f1,0.9891610547883901,0.0007333630123280908,3
mlp,path_strip,1.0,fpr,0.0004893564962074334,0.0001294715591418778,3
mlp,path_strip,1.0,precision,0.9993539097155549,0.00017125497190751128,3
mlp,path_strip,1.0,recall,0.9791745790606406,0.0013531813094336367,3
mlp,path_strip,1.0,roc_auc,0.9979302437048836,0.000122464251140702,3
mlp,path_strip,2.0,accuracy,0.9521062751267261,0.0038364142102593327,3
mlp,path_strip,2.0,asr,0.09027357785748404,0.007647446122979931,3
mlp,path_strip,2.0,f1,0.9419095700949911,0.004928210774157804,3
mlp,path_strip,2.0,fpr,0.0004893564962074334,0.0001294715591418778,3
mlp,path_strip,2.0,precision,0.9992892448431516,0.0001915558745814492,3
mlp,path_strip,2.0,recall,0.8907878634426298,0.008710785155307427,3
mlp,path_strip,2.0,roc_auc,0.9926008077324893,0.0004588924113084285,3
mlp,path_strip,3.0,accuracy,0.9173037470445911,0.004851278477644611,3
mlp,path_strip,3.0,asr,0.17179377220080114,0.010142977613505143,3
mlp,path_strip,3.0,f1,0.895277679437017,0.006794544394009751,3
mlp,path_strip,3.0,fpr,0.0004893564962074334,0.0001294715591418778,3
mlp,path_strip,3.0,precision,0.9992191013707145,0.0002117487847973955,3
mlp,path_strip,3.0,recall,0.8109676330337173,0.011046079841396678,3
mlp,path_strip,3.0,roc_auc,0.9778926377825735,0.0012287431012082625,3
mlp,subdomain_padding,1.0,accuracy,0.9771755029945078,0.006048371184474801,3
mlp,subdomain_padding,1.0,asr,0.0030167566472941005,3.331009367422781e-05,3
mlp,subdomain_padding,1.0,f1,0.9741804360719127,0.006621686084193035,3
mlp,subdomain_padding,1.0,fpr,0.029736563086208232,0.011922870848166383,3
mlp,subdomain_padding,1.0,precision,0.9626167418430556,0.014355825562386754,3
mlp,subdomain_padding,1.0,recall,0.9861163860404268,0.0017952127502557866,3
mlp,subdomain_padding,1.0,roc_auc,0.9952435997205938,0.0003629885377863087,3
mlp,subdomain_padding,2.0,accuracy,0.6775315320288136,0.07972497802676215,3
mlp,subdomain_padding,2.0,asr,0.0026934719967792666,9.509014941812808e-05,3
mlp,subdomain_padding,2.0,f1,0.7312802785244967,0.05018340987533421,3
mlp,subdomain_padding,2.0,fpr,0.5678003425495474,0.14191062491517523,3
mlp,subdomain_padding,2.0,precision,0.5798428790965078,0.06412239105371328,3
mlp,subdomain_padding,2.0,recall,0.9948727687048994,0.0007674614288506834,3
mlp,subdomain_padding,2.0,roc_auc,0.9933872438078989,0.0008728985663488976,3
mlp,subdomain_padding,4.0,accuracy,0.43771331842979233,0.001450028275225746,3
mlp,subdomain_padding,4.0,asr,0.0,0.0,3
mlp,subdomain_padding,4.0,f1,0.6079743473524363,0.0006142787056165528,3
mlp,subdomain_padding,4.0,fpr,0.9969823016067205,0.002571023953817163,3
mlp,subdomain_padding,4.0,precision,0.43675531824585195,0.0006338557023403805,3
mlp,subdomain_padding,4.0,recall,1.0,0.0,3
mlp,subdomain_padding,4.0,roc_auc,0.9914166071388247,0.0017916121288668188,3
rf,char_edit,0.1,accuracy,0.9656298586003551,0.0015320221594064345,3
rf,char_edit,0.1,asr,0.0002584355098048,6.453894823510792e-05,3
rf,char_edit,0.1,f1,0.9617224209489669,0.0016403984049851337,3
rf,char_edit,0.1,fpr,0.053388793736236805,0.0027456344779261876,3
rf,char_edit,0.1,precision,0.934813081910112,0.00313209037223986,3
rf,char_edit,0.1,recall,0.9902308309068658,0.0002635353841583087,3
rf,char_edit,0.1,roc_auc,0.9971541484011107,3.3148200149544665e-05,3
rf,char_edit,0.2,accuracy,0.9444705103082826,0.0022351903894241194,3
rf,char_edit,0.2,asr,6.461200868717171e-05,1.913269769540672e-08,3
rf,char_edit,0.2,f1,0.9397628092194266,0.002287582564111441,3
rf,char_edit,0.2,fpr,0.0933529075931816,0.0038848659941082392,3
rf,char_edit,0.2,precision,0.8916299804894637,0.004039118712985635,3
rf,char_edit,0.2,recall,0.9933957884964343,0.0003486245440743095,3
rf,char_edit,0.2,roc_auc,0.9968989275220738,0.00010890977109687245,3
rf,char_edit,0.4,accuracy,0.8605966936218366,0.008320628783327646,3
rf,char_edit,0.4,asr,0.0001076922472474888,3.73230505616868e-05,3
rf,char_edit,0.4,f1,0.8616887803104621,0.007084565243762305,3
rf,char_edit,0.4,fpr,0.24378109452736316,0.01508459424545857,3
rf,char_edit,0.4,precision,0.7595742805928953,0.011284243396414127,3
rf,char_edit,0.4,recall,0.995611258809132,0.00043086841913877994,3
rf,char_edit,0.4,roc_auc,0.9963581041329438,0.00013749966440772604,3
rf,clean,0.0,accuracy,0.9908922805177601,0.0001460409743087566,3
rf,clean,0.0,asr,0.0,0.0,3
rf,clean,0.0,f1,0.9894514630542606,0.00017042680354768003,3
rf,clean,0.0,fpr,0.0004404208465866666,4.893564962075e-05,3
rf,clean,0.0,precision,0.9994188243237877,6.465801362994319e-05,3
rf,clean,0.0,recall,0.9796809722749714,0.0002900731545103978,3
rf,clean,0.0,roc_auc,0.9980444320499737,0.00023939319017028698,3
rf,control_char,0.1,accuracy,0.9913982649334402,6.373750660341596e-05,3
rf,control_char,0.1,asr,0.00019382767448046666,6.458278584401546e-05,3
rf,control_char,0.1,f1,0.990044824906038,7.376628475290116e-05,3
rf,control_char,0.1,fpr,0.0005546040290350667,5.650602096301845e-05,3
rf,control_char,0.1,precision,0.999269241515679,7.44535778180703e-05,3
rf,control_char,0.1,recall,0.9809891547453264,7.309156465249748e-05,3
rf,control_char,0.1,roc_auc,0.9980856381922085,0.0001850150896846991,3
rf,control_char,0.2,accuracy,0.9916834561495506,5.745221205704021e-05,3
rf,control_char,0.2,asr,0.00030151574836513335,3.7225428830535945e-05,3
rf,control_char,0.2,f1,0.9903796951113207,6.827474429975833e-05,3
rf,control_char,0.2,fpr,0.0006850990946903999,9.787129924149999e-05,3
rf,control_char,0.2,precision,0.9990982424021985,0.00012847600023732788,3
rf,control_char,0.2,recall,0.9818120437186142,0.0002558204762835764,3
rf,control_char,0.2,roc_auc,0.9980024773246704,0.00016567285966853813,3
rf,control_char,0.4,accuracy,0.9920330453822022,0.00013614337378406587,3
rf,control_char,0.4,asr,0.0003876637005419666,6.454524261377624e-05,3
rf,control_char,0.4,f1,0.9908030803477764,0.0001574759522316666,3
rf,control_char,0.4,fpr,0.0019574259848299,0.0001294715591418589,3
rf,control_char,0.4,precision,0.9974341552474199,0.00016941594255896593,3
rf,control_char,0.4,recall,0.9842596109212137,0.00022229931537423123,3
rf,control_char,0.4,roc_auc,0.9979761860547566,4.9640196454629575e-05,3
rf,control_path,1.0,accuracy,0.43601137084977787,0.0,3
rf,control_path,1.0,asr,0.0,0.0,3
rf,control_path,1.0,f1,0.6072533681843516,0.0,3
rf,control_path,1.0,fpr,1.0,0.0,3
rf,control_path,1.0,precision,0.43601137084977787,0.0,3
rf,control_path,1.0,recall,1.0,0.0,3
rf,control_path,1.0,roc_auc,0.7457810389979874,0.16326353912441102,3
rf,control_path,3.0,accuracy,0.43601137084977787,0.0,3
rf,control_path,3.0,asr,0.0,0.0,3
rf,control_path,3.0,f1,0.6072533681843516,0.0,3
rf,control_path,3.0,fpr,1.0,0.0,3
rf,control_path,3.0,precision,0.43601137084977787,0.0,3
rf,control_path,3.0,recall,1.0,0.0,3
rf,control_path,3.0,roc_auc,0.6763294621056873,0.2089154502032168,3
rf,control_path,6.0,accuracy,0.43601137084977787,0.0,3
rf,control_path,6.0,asr,0.0,0.0,3
rf,control_path,6.0,f1,0.6072533681843516,0.0,3
rf,control_path,6.0,fpr,1.0,0.0,3
rf,control_path,6.0,precision,0.43601137084977787,0.0,3
rf,control_path,6.0,recall,1.0,0.0,3
rf,control_path,6.0,roc_auc,0.6412811192822309,0.2094778591791048,3
rf,control_subdomain,1.0,accuracy,0.9888223442717964,0.00041214319882622254,3
rf,control_subdomain,1.0,asr,0.0032952249631342666,0.0001941261121452443,3
rf,control_subdomain,1.0,f1,0.9870945246697155,0.0004807983012117633,3
rf,control_subdomain,1.0,fpr,0.004681510480384899,7.47504395229966e-05,3
rf,control_subdomain,1.0,precision,0.9938613118583343,0.00010196574234480947,3
rf,control_subdomain,1.0,recall,0.9804194623792041,0.0008617368382775858,3
rf,control_subdomain,1.0,roc_auc,0.9958779753427889,4.5933950709658577e-05,3
rf,control_subdomain,2.0,accuracy,0.8638349938821884,0.02045477503707304,3
rf,control_subdomain,2.0,asr,0.0030152326381702003,3.7978358567747754e-05,3
rf,control_subdomain,2.0,f1,0.8638048555595491,0.017620263003413583,3
rf,control_subdomain,2.0,fpr,0.23239540004893564,0.03647347662971816,3
rf,control_subdomain,2.0,precision,0.7674600867971723,0.027909205264260276,3
rf,control_subdomain,2.0,recall,0.9883107566358612,0.0003486245440741852,3
rf,control_subdomain,2.0,roc_auc,0.9914701948450215,0.0002334603536508359,3
rf,control_subdomain,4.0,accuracy,0.5991131473150627,0.007999104691255579,3
rf,control_subdomain,4.0,asr,0.0013137343690386666,0.000226536252958651,3
rf,control_subdomain,4.0,f1,0.6844281618538931,0.0043262272891663065,3
rf,control_subdomain,4.0,fpr,0.708474023325993,0.014081256207726217,3
rf,control_subdomain,4.0,precision,0.5210824471656105,0.0049719326825079365,3
rf,control_subdomain,4.0,recall,0.9969827404312782,0.00013176769207919324,3
rf,control_subdomain,4.0,roc_auc,0.9925122193795684,0.0012802800068281227,3
rf,path_padding,1.0,accuracy,0.43601137084977787,0.0,3
rf,path_padding,1.0,asr,0.0,0.0,3
rf,path_padding,1.0,f1,0.6072533681843516,0.0,3
rf,path_padding,1.0,fpr,1.0,0.0,3
rf,path_padding,1.0,precision,0.43601137084977787,0.0,3
rf,path_padding,1.0,recall,1.0,0.0,3
rf,path_padding,1.0,roc_auc,0.7526983838318696,0.1545163968606838,3
rf,path_padding,3.0,accuracy,0.43601137084977787,0.0,3
rf,path_padding,3.0,asr,0.0,0.0,3
rf,path_padding,3.0,f1,0.6072533681843516,0.0,3
rf,path_padding,3.0,fpr,1.0,0.0,3
rf,path_padding,3.0,precision,0.43601137084977787,0.0,3
rf,path_padding,3.0,recall,1.0,0.0,3
rf,path_padding,3.0,roc_auc,0.6800275507480208,0.15324126988653428,3
rf,path_padding,6.0,accuracy,0.43601137084977787,0.0,3
rf,path_padding,6.0,asr,0.0,0.0,3
rf,path_padding,6.0,f1,0.6072533681843516,0.0,3
rf,path_padding,6.0,fpr,1.0,0.0,3
rf,path_padding,6.0,precision,0.43601137084977787,0.0,3
rf,path_padding,6.0,recall,1.0,0.0,3
rf,path_padding,6.0,roc_auc,0.6532727494213995,0.10507734105365919,3
rf,path_strip,1.0,accuracy,0.9908922805177601,0.0001460409743087566,3
rf,path_strip,1.0,asr,0.0,0.0,3
rf,path_strip,1.0,f1,0.9894514630542606,0.00017042680354768003,3
rf,path_strip,1.0,fpr,0.0004404208465866666,4.893564962075e-05,3
rf,path_strip,1.0,precision,0.9994188243237877,6.465801362994319e-05,3
rf,path_strip,1.0,recall,0.9796809722749714,0.0002900731545103978,3
rf,path_strip,1.0,roc_auc,0.9980444320499741,0.0002393931901702651,3
rf,path_strip,2.0,accuracy,0.9555009705701064,0.00030774392926660266,3
rf,path_strip,2.0,asr,0.08285420623496208,0.0004028752441307181,3
rf,path_strip,2.0,f1,0.9462584579291899,0.0003889680706055951,3
rf,path_strip,2.0,fpr,0.0004404208465866666,4.893564962075e-05,3
rf,path_strip,2.0,precision,0.9993663391093239,7.071599121316241e-05,3
rf,path_strip,2.0,recall,0.8985103599611765,0.0006588384603956997,3
rf,path_strip,2.0,roc_auc,0.9925632742936709,0.0018409272862031003,3
rf,path_strip,3.0,accuracy,0.9214344198198696,0.00022478204441384581,3
rf,path_strip,3.0,asr,0.16260691497686436,0.00025830832349122226,3
rf,path_strip,3.0,f1,0.9010451223977061,0.00030484747336779534,3
rf,path_strip,3.0,fpr,0.0004404208465866666,4.893564962075e-05,3
rf,path_strip,3.0,precision,0.9993060333938514,7.741048026042451e-05,3
rf,path_strip,3.0,recall,0.8203781069333672,0.00045791734004746844,3
rf,path_strip,3.0,roc_auc,0.978240989106836,0.0015004524064495487,3
rf,subdomain_padding,1.0,accuracy,0.9875711828075695,0.0003040085307475246,3
rf,subdomain_padding,1.0,asr,0.0033167567332611,0.00016279532375047882,3
rf,subdomain_padding,1.0,f1,0.9856772786343898,0.0003442105753435671,3
rf,subdomain_padding,1.0,fpr,0.007242476143870733,0.0007241814821115135,3
rf,subdomain_padding,1.0,precision,0.9905401111961458,0.0009343014409035238,3
rf,subdomain_padding,1.0,recall,0.9808625564417436,0.0005155417024463764,3
rf,subdomain_padding,1.0,roc_auc,0.9950042488026208,4.08565575966699e-06,3
rf,subdomain_padding,2.0,accuracy,0.8867146891875731,0.007519658404355071,3
rf,subdomain_padding,2.0,asr,0.0028644643257251996,3.715133472188602e-05,3
rf,subdomain_padding,2.0,f1,0.8838673328727397,0.006848813676665784,3
rf,subdomain_padding,2.0,fpr,0.19189299404616258,0.013285045015761558,3
rf,subdomain_padding,2.0,precision,0.7993799111827572,0.011197735904294145,3
rf,subdomain_padding,2.0,recall,0.9883951555049162,9.669105150355073e-05,3
rf,subdomain_padding,2.0,roc_auc,0.9920831769956314,0.00011920874016183681,3
rf,subdomain_padding,4.0,accuracy,0.613602701036808,0.012933679403380777,3
rf,subdomain_padding,4.0,asr,0.0010553197309034,9.854825778563601e-05,3
rf,subdomain_padding,4.0,f1,0.6923341093330987,0.007023033835910065,3
rf,subdomain_padding,4.0,fpr,0.6827012478590654,0.02324206393340438,3
rf,subdomain_padding,4.0,precision,0.530354183851613,0.00834031409982308,3
rf,subdomain_padding,4.0,recall,0.9968772418449593,0.00040695660889528503,3
rf,subdomain_padding,4.0,roc_auc,0.9931670478400028,0.0004909220358730167,3
xgb,char_edit,0.1,accuracy,0.9850688598791156,0.0006431253386542431,3
xgb,char_edit,0.1,asr,0.0002581089386812,6.445786250588768e-05,3
xgb,char_edit,0.1,f1,0.9829936644649918,0.0007198824867678154,3
xgb,char_edit,0.1,fpr,0.01849767555664297,0.0011775100969431168,3
xgb,char_edit,0.1,precision,0.9763957186915159,0.0014655507107146613,3
xgb,char_edit,0.1,recall,0.9896822382580073,0.000290073154510525,3
xgb,char_edit,0.1,roc_auc,0.9980564057652295,2.675303711839541e-05,3
xgb,char_edit,0.2,accuracy,0.9782518698424089,0.0008375785005655585,3
xgb,char_edit,0.2,asr,0.0002366063368664,9.857367057736009e-05,3
xgb,char_edit,0.2,f1,0.9754863212902016,0.0009238760987631445,3
xgb,char_edit,0.2,fpr,0.032705325829867,0.0013878527540269745,3
xgb,char_edit,0.2,precision,0.9591168147060932,0.0016669843455838238,3
xgb,char_edit,0.2,recall,0.9924252015022997,0.00025582047628342874,3
xgb,char_edit,0.2,roc_auc,0.9978038224799165,2.0715293208903172e-05,3
xgb,char_edit,0.4,accuracy,0.9485827836502635,0.006018323567254969,3
xgb,char_edit,0.4,asr,0.0001935789284072,6.4474509671067e-05,3
xgb,char_edit,0.4,f1,0.9440431661932407,0.0061514772098414565,3
xgb,char_edit,0.4,fpr,0.0867139711279667,0.010851252725417494,3
xgb,char_edit,0.4,precision,0.8987183837887872,0.01130225315897278,3
xgb,char_edit,0.4,recall,0.9942397771869858,0.0002531966071654679,3
xgb,char_edit,0.4,roc_auc,0.9979488230203936,0.00010900011657841459,3
xgb,clean,0.0,accuracy,0.9916098584163607,0.00014340938985759377,3
xgb,clean,0.0,asr,0.0,0.0,3
xgb,clean,0.0,f1,0.9902866979933876,0.0001672672211227335,3
xgb,clean,0.0,fpr,0.00013049506565529915,2.8253010481481838e-05,3
xgb,clean,0.0,precision,0.9998279431071128,3.728925677951314e-05,3
xgb,clean,0.0,recall,0.9809258555935351,0.00029236625860971753,3
xgb,clean,0.0,roc_auc,0.9986912713221368,1.7905863457733223e-05,3
xgb,control_char,0.1,accuracy,0.9920974433987433,0.00013042849408686648,3
xgb,control_char,0.1,asr,0.0003011474495552,3.733974857058467e-05,3
xgb,control_char,0.1,f1,0.9908575082948499,0.00015193537231406254,3
xgb,control_char,0.1,fpr,0.00022836636489676667,2.825301048153807e-05,3
xgb,control_char,0.1,precision,0.9996993265427797,3.72603191628959e-05,3
xgb,control_char,0.1,recall,0.9821707389120986,0.00026353538415823096,3
xgb,control_char,0.1,roc_auc,0.9986165245282947,3.9539745362845354e-05,3
xgb,control_char,0.2,accuracy,0.9928242210139926,4.780312995238169e-05,3
xgb,control_char,0.2,asr,0.00045171007191800006,1.3460962529572954e-07,3
xgb,control_char,0.2,f1,0.991706539069356,5.524945321781993e-05,3
xgb,control_char,0.2,fpr,0.0003425495473451667,4.893564962075e-05,3
xgb,control_char,0.2,precision,0.9995498984963705,6.428801152789565e-05,3
xgb,control_char,0.2,recall,0.9839853145967844,6.329915179137391e-05,3
xgb,control_char,0.2,roc_auc,0.998640029004135,1.713525698349265e-05,3
xgb,control_char,0.4,accuracy,0.9931462110966983,7.967188325424992e-05,3
xgb,control_char,0.4,asr,0.0005377537864216,9.861736676413354e-05,3
xgb,control_char,0.4,f1,0.9920907016760888,9.266527004351328e-05,3
xgb,control_char,0.4,fpr,0.0012233912405186667,4.893564962074991e-05,3
xgb,control_char,0.4,precision,0.9983974070799885,6.390594106012786e-05,3
xgb,control_char,0.4,recall,0.9858631894332616,0.0001933821030070863,3
xgb,control_char,0.4,roc_auc,0.9985392986338338,2.867199326171954e-05,3
xgb,control_path,1.0,accuracy,0.43601137084977787,0.0,3
xgb,control_path,1.0,asr,0.0,0.0,3
xgb,control_path,1.0,f1,0.6072533681843516,0.0,3
xgb,control_path,1.0,fpr,1.0,0.0,3
xgb,control_path,1.0,precision,0.43601137084977787,0.0,3
xgb,control_path,1.0,recall,1.0,0.0,3
xgb,control_path,1.0,roc_auc,0.9860687968078024,0.001776353732585593,3
xgb,control_path,3.0,accuracy,0.43601137084977787,0.0,3
xgb,control_path,3.0,asr,0.0,0.0,3
xgb,control_path,3.0,f1,0.6072533681843516,0.0,3
xgb,control_path,3.0,fpr,1.0,0.0,3
xgb,control_path,3.0,precision,0.43601137084977787,0.0,3
xgb,control_path,3.0,recall,1.0,0.0,3
xgb,control_path,3.0,roc_auc,0.9849579454808293,0.0001331770294355313,3
xgb,control_path,6.0,accuracy,0.43601137084977787,0.0,3
xgb,control_path,6.0,asr,0.0,0.0,3
xgb,control_path,6.0,f1,0.6072533681843516,0.0,3
xgb,control_path,6.0,fpr,1.0,0.0,3
xgb,control_path,6.0,precision,0.43601137084977787,0.0,3
xgb,control_path,6.0,recall,1.0,0.0,3
xgb,control_path,6.0,roc_auc,0.9728404883367713,0.0016732306942376085,3
xgb,control_subdomain,1.0,accuracy,0.9904414944019724,0.0005008567728798497,3
xgb,control_subdomain,1.0,asr,0.0029899052792486665,7.539100516074622e-05,3
xgb,control_subdomain,1.0,f1,0.988988129053293,0.0005713102287217926,3
xgb,control_subdomain,1.0,fpr,0.004909876845281766,0.000855091259902553,3
xgb,control_subdomain,1.0,precision,0.9935906791028196,0.001109954616945177,3
xgb,control_subdomain,1.0,recall,0.984428408659324,0.00012659830358285884,3
xgb,control_subdomain,1.0,roc_auc,0.9969533009823609,2.9304977007113937e-05,3
xgb,control_subdomain,2.0,accuracy,0.8192899658690512,0.014931174130888595,3
xgb,control_subdomain,2.0,asr,0.0028608452587007,7.535254526782137e-05,3
xgb,control_subdomain,2.0,f1,0.8271916070124341,0.01173023260968281,3
xgb,control_subdomain,2.0,fpr,0.3135959546529647,0.026618534503614823,3
xgb,control_subdomain,2.0,precision,0.7098824935184549,0.017307267940748872,3
xgb,control_subdomain,2.0,recall,0.9911803181837362,0.000255820476283613,3
xgb,control_subdomain,2.0,roc_auc,0.9932487450985749,0.00022784608996936255,3
xgb,control_subdomain,4.0,accuracy,0.6381015464723686,0.01662771100188151,3
xgb,control_subdomain,4.0,asr,0.0006453001027400333,6.454139916512929e-05,3
xgb,control_subdomain,4.0,f1,0.7064012704925059,0.009553520023110664,3
xgb,control_subdomain,4.0,fpr,0.6402087921050486,0.02962738712091931,3
xgb,control_subdomain,4.0,precision,0.546700737201102,0.011540065105820662,3
xgb,control_subdomain,4.0,recall,0.998101025446259,0.00025319660716541237,3
xgb,control_subdomain,4.0,roc_auc,0.9938294060135835,0.0007112719401913589,3
xgb,path_padding,1.0,accuracy,0.43601137084977787,0.0,3
xgb,path_padding,1.0,asr,0.0,0.0,3
xgb,path_padding,1.0,f1,0.6072533681843516,0.0,3
xgb,path_padding,1.0,fpr,1.0,0.0,3
xgb,path_padding,1.0,precision,0.43601137084977787,0.0,3
xgb,path_padding,1.0,recall,1.0,0.0,3
xgb,path_padding,1.0,roc_auc,0.9852873659136717,0.00186213739690504,3
xgb,path_padding,3.0,accuracy,0.43601137084977787,0.0,3
xgb,path_padding,3.0,asr,0.0,0.0,3
xgb,path_padding,3.0,f1,0.6072533681843516,0.0,3
xgb,path_padding,3.0,fpr,1.0,0.0,3
xgb,path_padding,3.0,precision,0.43601137084977787,0.0,3
xgb,path_padding,3.0,recall,1.0,0.0,3
xgb,path_padding,3.0,roc_auc,0.9826749276783572,0.0004413457132733247,3
xgb,path_padding,6.0,accuracy,0.43601137084977787,0.0,3
xgb,path_padding,6.0,asr,0.0,0.0,3
xgb,path_padding,6.0,f1,0.6072533681843516,0.0,3
xgb,path_padding,6.0,fpr,1.0,0.0,3
xgb,path_padding,6.0,precision,0.43601137084977787,0.0,3
xgb,path_padding,6.0,recall,1.0,0.0,3
xgb,path_padding,6.0,roc_auc,0.9699099513422037,0.003277534060716228,3
xgb,path_strip,1.0,accuracy,0.9916098584163607,0.00014340938985759377,3
xgb,path_strip,1.0,asr,0.0,0.0,3
xgb,path_strip,1.0,f1,0.9902866979933876,0.0001672672211227335,3
xgb,path_strip,1.0,fpr,0.00013049506565529915,2.8253010481481838e-05,3
xgb,path_strip,1.0,precision,0.9998279431071128,3.728925677951314e-05,3
xgb,path_strip,1.0,recall,0.9809258555935351,0.00029236625860971753,3
xgb,path_strip,1.0,roc_auc,0.9986912713221368,1.7905863457762534e-05,3
xgb,path_strip,2.0,accuracy,0.958555276497484,0.0007097508356832894,3
xgb,path_strip,2.0,asr,0.07728558293542409,0.0014833284538677421,3
xgb,path_strip,2.0,f1,0.9501096934029561,0.0008961890323123017,3
xgb,path_strip,2.0,fpr,0.00013049506565529915,2.8253010481481838e-05,3
xgb,path_strip,2.0,precision,0.9998135129035304,4.0541911142688015e-05,3
xgb,path_strip,2.0,recall,0.9051145714647424,0.0016051047389677234,3
xgb,path_strip,2.0,roc_auc,0.9955131335079112,0.0001338714619938176,3
xgb,path_strip,3.0,accuracy,0.9250499084628193,0.0007933655567153257,3
xgb,path_strip,3.0,asr,0.15562505981772906,0.0016711562805831251,3
xgb,path_strip,3.0,f1,0.9059849664208088,0.0010866470556993352,3
xgb,path_strip,3.0,fpr,0.00013049506565529915,2.8253010481481838e-05,3
xgb,path_strip,3.0,precision,0.9997962036825223,4.436747295301668e-05,3
xgb,path_strip,3.0,recall,0.828269401190024,0.0017948407239850278,3
xgb,path_strip,3.0,roc_auc,0.9830852771686635,0.0002376692005635483,3
xgb,subdomain_padding,1.0,accuracy,0.9816741644357355,0.0010953073073156692,3
xgb,subdomain_padding,1.0,asr,0.0029898941768339332,3.771289895770928e-05,3
xgb,subdomain_padding,1.0,f1,0.9791280086863696,0.001220748786665327,3
xgb,subdomain_padding,1.0,fpr,0.021515373949922468,0.0020023791739254685,3
xgb,subdomain_padding,1.0,precision,0.9725480840223183,0.002485402570086043,3
xgb,subdomain_padding,1.0,recall,0.9857998902814703,0.00019338210300691067,3
xgb,subdomain_padding,1.0,roc_auc,0.9963026558106222,3.473203826503317e-05,3
xgb,subdomain_padding,2.0,accuracy,0.7553611348770458,0.00939721672853198,3
xgb,subdomain_padding,2.0,asr,0.0025812004109603,7.691978590802107e-07,3
xgb,subdomain_padding,2.0,f1,0.7797336896708038,0.006533586669020912,3
xgb,subdomain_padding,2.0,fpr,0.4282684935975858,0.016824211085287602,3
xgb,subdomain_padding,2.0,precision,0.6419575297164366,0.008917585674548149,3
xgb,subdomain_padding,2.0,recall,0.9928893952821031,0.0002854316845691424,3
xgb,subdomain_padding,2.0,roc_auc,0.9922879588637393,0.00010109092105400525,3
xgb,subdomain_padding,4.0,accuracy,0.5748350950790716,0.011730807574064172,3
xgb,subdomain_padding,4.0,asr,0.0004301963676884,3.7195706652343444e-05,3
xgb,subdomain_padding,4.0,f1,0.6718588666207403,0.0060317301495624795,3
xgb,subdomain_padding,4.0,fpr,0.7523856129190115,0.02090869762478716,3
xgb,subdomain_padding,4.0,precision,0.5063728292469388,0.00687666178417585,3
xgb,subdomain_padding,4.0,recall,0.998101025446259,0.00016747381384137747,3
xgb,subdomain_padding,4.0,roc_auc,0.9924759853777049,0.0005020370798452324,3
