rank_test_score,mean_test_score,mean_fit_time,param_clf__n_estimators,param_clf__min_samples_leaf,param_clf__max_features,param_clf__max_depth
1,0.9986130082460689,6.198076486587524,300,2,log2,30
2,0.9985966206305211,9.917243719100952,500,2,log2,40
3,0.9985728413132823,17.789725065231323,500,4,0.5,30
4,0.9985608946948596,6.375337839126587,300,2,sqrt,
5,0.9985574341533655,20.01917576789856,500,2,0.5,30
6,0.9985365737926055,11.017770290374756,300,4,0.5,30
7,0.998481655204524,10.367295742034912,500,4,sqrt,30
8,0.9984662947329707,10.282702207565308,500,1,log2,
9,0.9984603746484937,4.28820538520813,200,2,sqrt,20
10,0.9984377700104775,6.475882291793823,300,1,log2,
11,0.9984259261064542,10.922393798828125,500,1,sqrt,40
12,0.9984010057256143,7.412405490875244,200,1,0.5,20
13,0.9983113939484693,7.442779064178467,200,1,0.5,
14,0.9982977217281361,4.613534450531006,200,1,sqrt,
15,0.9982951071797866,4.505676984786987,200,1,sqrt,40
