rank_test_score,mean_test_score,mean_fit_time,param_clf__subsample,param_clf__reg_lambda,param_clf__n_estimators,param_clf__min_child_weight,param_clf__max_depth,param_clf__learning_rate,param_clf__colsample_bytree
1,0.9986034688796623,3.486553192138672,0.7,1,600,1,4,0.05,0.8
2,0.9986030542869954,2.2486257553100586,1.0,5,400,1,8,0.05,1.0
3,0.9986005461881144,5.784674644470215,0.7,10,400,1,10,0.05,1.0
4,0.9985996647118137,4.313498497009277,0.7,10,600,1,8,0.03,0.8
5,0.9985930573746276,1.3361711502075195,0.8,10,200,5,6,0.05,0.6
6,0.9985929789381771,1.008744239807129,1.0,1,200,3,8,0.1,0.8
7,0.9985748451778387,9.127599477767944,0.7,1,400,5,8,0.1,0.8
8,0.9985199377949645,2.541013717651367,1.0,5,600,3,8,0.1,0.6
9,0.9985160477205274,2.270026445388794,0.7,10,400,3,6,0.2,0.6
10,0.998510751392585,3.785327196121216,0.8,10,600,5,10,0.2,0.6
11,0.9984883521833678,2.7094345092773438,1.0,5,600,5,6,0.2,0.6
12,0.9984832612842245,6.202398300170898,0.7,10,600,1,10,0.1,1.0
13,0.9984756006575604,3.5205001831054688,1.0,5,600,1,10,0.2,0.6
14,0.9984615922810106,1.3054156303405762,0.7,10,200,1,4,0.05,0.6
15,0.9984406889669563,4.15906548500061,0.8,1,600,3,8,0.2,1.0
