,flipped,non_flipped,abs_diff
url_len,-0.4747,0.0772,0.552
host_len,0.0607,0.2195,0.1588
path_len,-4.5295,-3.5808,0.9487
query_len,0.0,0.0,0.0
n_dots,-0.0363,0.8678,0.9041
n_hyphens,-0.0827,0.1092,0.192
n_digits,-0.1604,0.3805,0.5409
n_at,0.0,0.0,0.0
n_qmark,0.0,0.0,0.0
n_eq,0.0,0.0,0.0
n_pct,0.0,0.0,0.0
n_slash,-6.6028,-5.3403,1.2625
n_amp,0.0,0.0,0.0
n_underscore,0.0,0.0,0.0
n_hash,0.0,0.0,0.0
host_dots,-0.0045,0.2329,0.2375
host_hyphens,0.001,0.0294,0.0284
host_digits,0.0107,0.0822,0.0716
n_subdomains,0.087,0.5654,0.4784
path_depth,-0.0291,-0.0293,0.0002
has_ip,0.0,0.0,0.0
has_port,0.0,0.0,0.0
is_https,-1.1547,-0.761,0.3937
digit_ratio,-0.0553,0.1029,0.1582
letter_ratio,0.0094,0.131,0.1216
host_entropy,0.0654,0.1591,0.0937
n_keywords,-0.0533,-0.0274,0.0259
tld_freq,0.0344,0.0966,0.0622
