model,feature,mean_abs_shap
rf,is_https,0.20155889212973668
rf,path_len,0.0887290466074245
rf,n_slash,0.08809871296523451
rf,n_digits,0.030048880993260776
rf,url_len,0.02520294025846624
rf,digit_ratio,0.024892859792126347
rf,n_subdomains,0.01646899914738515
rf,host_len,0.015321859386106777
rf,host_digits,0.01360648947405992
rf,letter_ratio,0.012995147810194998
rf,path_depth,0.012688677054720958
rf,host_entropy,0.00996213128685102
rf,host_dots,0.0076745258027403765
rf,n_hyphens,0.0073503212309291525
rf,n_dots,0.0054668991970944734
rf,tld_freq,0.005378143187157803
rf,host_hyphens,0.005143673930638871
rf,n_keywords,0.0018066678429552777
rf,query_len,0.0004224507243518479
rf,n_qmark,0.0002423423803914881
rf,n_eq,0.0001905467974653326
rf,n_underscore,5.956994458285508e-05
rf,n_at,2.4977923963958707e-05
rf,n_hash,8.582296663436333e-06
rf,n_amp,5.009957691822736e-06
rf,has_port,1.2263395370579663e-08
rf,n_pct,0.0
rf,has_ip,0.0
xgb,is_https,3.981879949569702
xgb,n_slash,1.8324365615844727
xgb,path_len,1.2395648956298828
xgb,tld_freq,0.6762520670890808
xgb,host_entropy,0.4963233768939972
xgb,url_len,0.4211243987083435
xgb,n_digits,0.36704209446907043
xgb,n_subdomains,0.3432953655719757
xgb,host_dots,0.23174349963665009
xgb,letter_ratio,0.1624753773212433
xgb,n_hyphens,0.1601397693157196
xgb,digit_ratio,0.11560971289873123
xgb,host_len,0.11355417221784592
xgb,n_dots,0.08118534088134766
xgb,n_keywords,0.058444179594516754
xgb,host_hyphens,0.0389348529279232
xgb,host_digits,0.020882623270154
xgb,path_depth,0.00895396713167429
xgb,query_len,0.0
xgb,n_at,0.0
xgb,n_qmark,0.0
xgb,n_eq,0.0
xgb,n_pct,0.0
xgb,n_amp,0.0
xgb,n_underscore,0.0
xgb,n_hash,0.0
xgb,has_ip,0.0
xgb,has_port,0.0
